att_id,emp_id,work_date,status,hours_worked,overtime_hours
,101,2025-01-01,P,8,0
,101,2025-01-02,P,8,2
,101,2025-01-03,P,8,0
,101,2025-01-04,P,8,0
,101,2025-01-05,WO,0,0
,101,2025-01-06,P,8,0
,101,2025-01-07,P,8,0
,101,2025-01-08,P,8,0
,101,2025-01-09,P,8,0
,101,2025-01-10,P,8,0
,101,2025-01-11,P,8,0
,101,2025-01-12,P,8,3
,101,2025-01-13,P,8,0
,101,2025-01-14,P,8,1
,101,2025-01-15,P,8,0
,101,2025-01-16,P,8,0
,101,2025-01-17,WO,0,0
,101,2025-01-18,WO,0,0
,101,2025-01-19,P,8,0
,101,2025-01-20,WO,0,0
,101,2025-01-21,P,8,0
,101,2025-01-22,P,8,0
,101,2025-01-23,WO,0,0
,101,2025-01-24,WO,0,0
,101,2025-01-25,WO,0,0
,101,2025-01-26,P,8,1
,101,2025-01-27,P,8,0
,101,2025-01-28,P,8,1
,101,2025-01-29,A,0,0
,101,2025-01-30,P,8,1
,101,2025-01-31,P,8,0
,101,2025-02-01,P,8,0
,101,2025-02-02,P,8,0
,101,2025-02-03,P,8,0
,101,2025-02-04,P,8,0
,101,2025-02-05,P,8,0
,101,2025-02-06,P,8,0
,101,2025-02-07,P,8,0
,101,2025-02-08,WO,0,0
,101,2025-02-09,P,8,0
,101,2025-02-10,L,0,0
,101,2025-02-11,P,8,0
,101,2025-02-12,P,8,0
,101,2025-02-13,P,8,0
,101,2025-02-14,P,8,0
,101,2025-02-15,WO,0,0
,101,2025-02-16,P,8,0
,101,2025-02-17,P,8,1
,101,2025-02-18,P,8,0
,101,2025-02-19,P,8,0
,101,2025-02-20,P,8,0
,101,2025-02-21,P,8,0
,101,2025-02-22,L,0,0
,101,2025-02-23,A,0,0
,101,2025-02-24,P,8,3
,101,2025-02-25,P,8,0
,101,2025-02-26,P,8,0
,101,2025-02-27,P,8,0
,101,2025-02-28,P,8,0
,101,2025-03-01,WO,0,0
,101,2025-03-02,P,8,0
,101,2025-03-03,WO,0,0
,101,2025-03-04,L,0,0
,101,2025-03-05,L,0,0
,101,2025-03-06,P,8,1
,101,2025-03-07,P,8,1
,101,2025-03-08,L,0,0
,101,2025-03-09,P,8,1
,101,2025-03-10,WO,0,0
,101,2025-03-11,A,0,0
,101,2025-03-12,P,8,0
,101,2025-03-13,P,8,2
,101,2025-03-14,P,8,0
,101,2025-03-15,P,8,0
,101,2025-03-16,WO,0,0
,101,2025-03-17,WO,0,0
,101,2025-03-18,P,8,2
,101,2025-03-19,P,8,0
,101,2025-03-20,P,8,0
,101,2025-03-21,P,8,1
,101,2025-03-22,P,8,0
,101,2025-03-23,P,8,0
,101,2025-03-24,P,8,0
,101,2025-03-25,P,8,1
,101,2025-03-26,A,0,0
,101,2025-03-27,P,8,0
,101,2025-03-28,P,8,0
,101,2025-03-29,P,8,0
,101,2025-03-30,P,8,0
,101,2025-03-31,A,0,0
,102,2025-01-01,L,0,0
,102,2025-01-02,P,8,0
,102,2025-01-03,P,8,2
,102,2025-01-04,WO,0,0
,102,2025-01-05,P,8,0
,102,2025-01-06,P,8,0
,102,2025-01-07,P,8,0
,102,2025-01-08,L,0,0
,102,2025-01-09,P,8,0
,102,2025-01-10,P,8,2
,102,2025-01-11,L,0,0
,102,2025-01-12,P,8,0
,102,2025-01-13,P,8,0
,102,2025-01-14,P,8,0
,102,2025-01-15,P,8,0
,102,2025-01-16,P,8,0
,102,2025-01-17,P,8,0
,102,2025-01-18,P,8,0
,102,2025-01-19,P,8,0
,102,2025-01-20,P,8,0
,102,2025-01-21,P,8,2
,102,2025-01-22,P,8,0
,102,2025-01-23,WO,0,0
,102,2025-01-24,P,8,2
,102,2025-01-25,P,8,0
,102,2025-01-26,P,8,1
,102,2025-01-27,P,8,3
,102,2025-01-28,P,8,1
,102,2025-01-29,P,8,1
,102,2025-01-30,P,8,0
,102,2025-01-31,P,8,0
,102,2025-02-01,P,8,0
,102,2025-02-02,P,8,0
,102,2025-02-03,P,8,2
,102,2025-02-04,P,8,1
,102,2025-02-05,P,8,0
,102,2025-02-06,P,8,0
,102,2025-02-07,P,8,0
,102,2025-02-08,P,8,2
,102,2025-02-09,P,8,0
,102,2025-02-10,P,8,0
,102,2025-02-11,P,8,0
,102,2025-02-12,A,0,0
,102,2025-02-13,P,8,1
,102,2025-02-14,L,0,0
,102,2025-02-15,P,8,1
,102,2025-02-16,P,8,0
,102,2025-02-17,P,8,1
,102,2025-02-18,P,8,1
,102,2025-02-19,WO,0,0
,102,2025-02-20,P,8,3
,102,2025-02-21,P,8,0
,102,2025-02-22,P,8,0
,102,2025-02-23,P,8,0
,102,2025-02-24,P,8,2
,102,2025-02-25,P,8,0
,102,2025-02-26,P,8,1
,102,2025-02-27,P,8,1
,102,2025-02-28,P,8,0
,102,2025-03-01,P,8,0
,102,2025-03-02,P,8,0
,102,2025-03-03,P,8,0
,102,2025-03-04,P,8,0
,102,2025-03-05,P,8,0
,102,2025-03-06,P,8,0
,102,2025-03-07,P,8,0
,102,2025-03-08,WO,0,0
,102,2025-03-09,P,8,3
,102,2025-03-10,P,8,0
,102,2025-03-11,A,0,0
,102,2025-03-12,P,8,0
,102,2025-03-13,P,8,0
,102,2025-03-14,P,8,0
,102,2025-03-15,WO,0,0
,102,2025-03-16,P,8,0
,102,2025-03-17,P,8,0
,102,2025-03-18,P,8,0
,102,2025-03-19,P,8,0
,102,2025-03-20,P,8,0
,102,2025-03-21,WO,0,0
,102,2025-03-22,P,8,0
,102,2025-03-23,L,0,0
,102,2025-03-24,P,8,2
,102,2025-03-25,P,8,1
,102,2025-03-26,P,8,1
,102,2025-03-27,P,8,0
,102,2025-03-28,P,8,0
,102,2025-03-29,A,0,0
,102,2025-03-30,P,8,0
,102,2025-03-31,WO,0,0
,103,2025-01-01,P,8,0
,103,2025-01-02,P,8,1
,103,2025-01-03,P,8,0
,103,2025-01-04,A,0,0
,103,2025-01-05,P,8,0
,103,2025-01-06,P,8,0
,103,2025-01-07,P,8,0
,103,2025-01-08,P,8,0
,103,2025-01-09,P,8,1
,103,2025-01-10,P,8,0
,103,2025-01-11,P,8,0
,103,2025-01-12,P,8,2
,103,2025-01-13,P,8,0
,103,2025-01-14,P,8,0
,103,2025-01-15,WO,0,0
,103,2025-01-16,P,8,0
,103,2025-01-17,P,8,0
,103,2025-01-18,WO,0,0
,103,2025-01-19,P,8,1
,103,2025-01-20,P,8,1
,103,2025-01-21,P,8,0
,103,2025-01-22,P,8,3
,103,2025-01-23,WO,0,0
,103,2025-01-24,P,8,2
,103,2025-01-25,P,8,3
,103,2025-01-26,P,8,1
,103,2025-01-27,A,0,0
,103,2025-01-28,P,8,0
,103,2025-01-29,P,8,1
,103,2025-01-30,P,8,3
,103,2025-01-31,P,8,0
,103,2025-02-01,P,8,0
,103,2025-02-02,P,8,1
,103,2025-02-03,P,8,0
,103,2025-02-04,WO,0,0
,103,2025-02-05,P,8,0
,103,2025-02-06,P,8,0
,103,2025-02-07,P,8,0
,103,2025-02-08,P,8,0
,103,2025-02-09,P,8,0
,103,2025-02-10,P,8,0
,103,2025-02-11,P,8,0
,103,2025-02-12,P,8,0
,103,2025-02-13,WO,0,0
,103,2025-02-14,P,8,0
,103,2025-02-15,WO,0,0
,103,2025-02-16,L,0,0
,103,2025-02-17,P,8,0
,103,2025-02-18,WO,0,0
,103,2025-02-19,P,8,0
,103,2025-02-20,P,8,1
,103,2025-02-21,P,8,1
,103,2025-02-22,A,0,0
,103,2025-02-23,P,8,0
,103,2025-02-24,P,8,2
,103,2025-02-25,P,8,0
,103,2025-02-26,P,8,0
,103,2025-02-27,P,8,2
,103,2025-02-28,P,8,0
,103,2025-03-01,P,8,0
,103,2025-03-02,P,8,0
,103,2025-03-03,P,8,0
,103,2025-03-04,P,8,0
,103,2025-03-05,P,8,0
,103,2025-03-06,P,8,0
,103,2025-03-07,P,8,2
,103,2025-03-08,P,8,1
,103,2025-03-09,P,8,3
,103,2025-03-10,P,8,1
,103,2025-03-11,P,8,0
,103,2025-03-12,P,8,1
,103,2025-03-13,P,8,1
,103,2025-03-14,P,8,0
,103,2025-03-15,P,8,0
,103,2025-03-16,P,8,0
,103,2025-03-17,P,8,0
,103,2025-03-18,P,8,1
,103,2025-03-19,P,8,0
,103,2025-03-20,P,8,1
,103,2025-03-21,P,8,1
,103,2025-03-22,L,0,0
,103,2025-03-23,P,8,0
,103,2025-03-24,P,8,0
,103,2025-03-25,P,8,2
,103,2025-03-26,P,8,0
,103,2025-03-27,P,8,1
,103,2025-03-28,P,8,0
,103,2025-03-29,WO,0,0
,103,2025-03-30,P,8,0
,103,2025-03-31,P,8,1
,104,2025-01-01,P,8,0
,104,2025-01-02,P,8,0
,104,2025-01-03,A,0,0
,104,2025-01-04,WO,0,0
,104,2025-01-05,P,8,0
,104,2025-01-06,P,8,0
,104,2025-01-07,A,0,0
,104,2025-01-08,P,8,0
,104,2025-01-09,P,8,0
,104,2025-01-10,P,8,1
,104,2025-01-11,P,8,1
,104,2025-01-12,P,8,0
,104,2025-01-13,P,8,2
,104,2025-01-14,WO,0,0
,104,2025-01-15,P,8,0
,104,2025-01-16,WO,0,0
,104,2025-01-17,P,8,0
,104,2025-01-18,WO,0,0
,104,2025-01-19,P,8,0
,104,2025-01-20,P,8,0
,104,2025-01-21,P,8,1
,104,2025-01-22,P,8,0
,104,2025-01-23,P,8,0
,104,2025-01-24,L,0,0
,104,2025-01-25,P,8,0
,104,2025-01-26,WO,0,0
,104,2025-01-27,P,8,0
,104,2025-01-28,P,8,0
,104,2025-01-29,P,8,0
,104,2025-01-30,P,8,0
,104,2025-01-31,P,8,0
,104,2025-02-01,P,8,1
,104,2025-02-02,P,8,0
,104,2025-02-03,P,8,0
,104,2025-02-04,P,8,0
,104,2025-02-05,P,8,1
,104,2025-02-06,P,8,0
,104,2025-02-07,P,8,1
,104,2025-02-08,P,8,2
,104,2025-02-09,P,8,1
,104,2025-02-10,L,0,0
,104,2025-02-11,A,0,0
,104,2025-02-12,WO,0,0
,104,2025-02-13,P,8,0
,104,2025-02-14,P,8,0
,104,2025-02-15,P,8,0
,104,2025-02-16,P,8,0
,104,2025-02-17,WO,0,0
,104,2025-02-18,P,8,1
,104,2025-02-19,A,0,0
,104,2025-02-20,L,0,0
,104,2025-02-21,P,8,1
,104,2025-02-22,L,0,0
,104,2025-02-23,WO,0,0
,104,2025-02-24,P,8,0
,104,2025-02-25,P,8,0
,104,2025-02-26,P,8,1
,104,2025-02-27,A,0,0
,104,2025-02-28,P,8,2
,104,2025-03-01,P,8,1
,104,2025-03-02,WO,0,0
,104,2025-03-03,P,8,0
,104,2025-03-04,A,0,0
,104,2025-03-05,P,8,0
,104,2025-03-06,A,0,0
,104,2025-03-07,P,8,1
,104,2025-03-08,P,8,2
,104,2025-03-09,P,8,3
,104,2025-03-10,P,8,0
,104,2025-03-11,P,8,3
,104,2025-03-12,P,8,0
,104,2025-03-13,P,8,0
,104,2025-03-14,P,8,0
,104,2025-03-15,P,8,0
,104,2025-03-16,P,8,0
,104,2025-03-17,P,8,2
,104,2025-03-18,P,8,0
,104,2025-03-19,A,0,0
,104,2025-03-20,P,8,1
,104,2025-03-21,P,8,0
,104,2025-03-22,P,8,0
,104,2025-03-23,P,8,0
,104,2025-03-24,P,8,0
,104,2025-03-25,P,8,1
,104,2025-03-26,P,8,0
,104,2025-03-27,P,8,0
,104,2025-03-28,A,0,0
,104,2025-03-29,P,8,1
,104,2025-03-30,P,8,0
,104,2025-03-31,L,0,0
,105,2025-01-01,P,8,0
,105,2025-01-02,P,8,0
,105,2025-01-03,A,0,0
,105,2025-01-04,P,8,2
,105,2025-01-05,P,8,0
,105,2025-01-06,WO,0,0
,105,2025-01-07,P,8,3
,105,2025-01-08,P,8,0
,105,2025-01-09,P,8,0
,105,2025-01-10,P,8,1
,105,2025-01-11,A,0,0
,105,2025-01-12,L,0,0
,105,2025-01-13,P,8,0
,105,2025-01-14,P,8,0
,105,2025-01-15,P,8,0
,105,2025-01-16,P,8,0
,105,2025-01-17,P,8,0
,105,2025-01-18,P,8,0
,105,2025-01-19,L,0,0
,105,2025-01-20,P,8,0
,105,2025-01-21,P,8,1
,105,2025-01-22,L,0,0
,105,2025-01-23,P,8,0
,105,2025-01-24,P,8,0
,105,2025-01-25,L,0,0
,105,2025-01-26,P,8,0
,105,2025-01-27,P,8,1
,105,2025-01-28,P,8,3
,105,2025-01-29,WO,0,0
,105,2025-01-30,P,8,0
,105,2025-01-31,P,8,0
,105,2025-02-01,P,8,0
,105,2025-02-02,L,0,0
,105,2025-02-03,P,8,0
,105,2025-02-04,P,8,0
,105,2025-02-05,P,8,0
,105,2025-02-06,P,8,0
,105,2025-02-07,P,8,1
,105,2025-02-08,P,8,0
,105,2025-02-09,P,8,0
,105,2025-02-10,P,8,0
,105,2025-02-11,P,8,0
,105,2025-02-12,WO,0,0
,105,2025-02-13,P,8,0
,105,2025-02-14,P,8,0
,105,2025-02-15,A,0,0
,105,2025-02-16,P,8,0
,105,2025-02-17,P,8,0
,105,2025-02-18,P,8,2
,105,2025-02-19,P,8,0
,105,2025-02-20,L,0,0
,105,2025-02-21,P,8,0
,105,2025-02-22,P,8,2
,105,2025-02-23,P,8,0
,105,2025-02-24,P,8,0
,105,2025-02-25,P,8,0
,105,2025-02-26,P,8,0
,105,2025-02-27,P,8,0
,105,2025-02-28,P,8,0
,105,2025-03-01,P,8,0
,105,2025-03-02,P,8,0
,105,2025-03-03,WO,0,0
,105,2025-03-04,P,8,0
,105,2025-03-05,P,8,2
,105,2025-03-06,P,8,0
,105,2025-03-07,P,8,0
,105,2025-03-08,L,0,0
,105,2025-03-09,P,8,0
,105,2025-03-10,P,8,3
,105,2025-03-11,WO,0,0
,105,2025-03-12,P,8,2
,105,2025-03-13,L,0,0
,105,2025-03-14,P,8,0
,105,2025-03-15,P,8,1
,105,2025-03-16,P,8,1
,105,2025-03-17,P,8,0
,105,2025-03-18,P,8,0
,105,2025-03-19,L,0,0
,105,2025-03-20,A,0,0
,105,2025-03-21,A,0,0
,105,2025-03-22,P,8,0
,105,2025-03-23,P,8,0
,105,2025-03-24,P,8,0
,105,2025-03-25,P,8,0
,105,2025-03-26,L,0,0
,105,2025-03-27,WO,0,0
,105,2025-03-28,P,8,0
,105,2025-03-29,P,8,0
,105,2025-03-30,WO,0,0
,105,2025-03-31,WO,0,0
,106,2025-01-01,P,8,0
,106,2025-01-02,P,8,0
,106,2025-01-03,P,8,2
,106,2025-01-04,P,8,0
,106,2025-01-05,WO,0,0
,106,2025-01-06,P,8,0
,106,2025-01-07,P,8,0
,106,2025-01-08,P,8,0
,106,2025-01-09,P,8,3
,106,2025-01-10,P,8,2
,106,2025-01-11,L,0,0
,106,2025-01-12,P,8,2
,106,2025-01-13,P,8,2
,106,2025-01-14,P,8,0
,106,2025-01-15,P,8,2
,106,2025-01-16,P,8,0
,106,2025-01-17,WO,0,0
,106,2025-01-18,P,8,0
,106,2025-01-19,P,8,0
,106,2025-01-20,P,8,2
,106,2025-01-21,P,8,0
,106,2025-01-22,P,8,2
,106,2025-01-23,L,0,0
,106,2025-01-24,P,8,2
,106,2025-01-25,P,8,1
,106,2025-01-26,P,8,2
,106,2025-01-27,P,8,0
,106,2025-01-28,P,8,0
,106,2025-01-29,P,8,0
,106,2025-01-30,P,8,0
,106,2025-01-31,P,8,0
,106,2025-02-01,P,8,1
,106,2025-02-02,P,8,0
,106,2025-02-03,P,8,0
,106,2025-02-04,A,0,0
,106,2025-02-05,P,8,0
,106,2025-02-06,P,8,1
,106,2025-02-07,P,8,1
,106,2025-02-08,WO,0,0
,106,2025-02-09,P,8,1
,106,2025-02-10,P,8,0
,106,2025-02-11,P,8,0
,106,2025-02-12,WO,0,0
,106,2025-02-13,L,0,0
,106,2025-02-14,P,8,0
,106,2025-02-15,P,8,0
,106,2025-02-16,P,8,0
,106,2025-02-17,A,0,0
,106,2025-02-18,P,8,1
,106,2025-02-19,P,8,0
,106,2025-02-20,P,8,0
,106,2025-02-21,WO,0,0
,106,2025-02-22,P,8,2
,106,2025-02-23,P,8,1
,106,2025-02-24,P,8,1
,106,2025-02-25,P,8,0
,106,2025-02-26,P,8,2
,106,2025-02-27,L,0,0
,106,2025-02-28,P,8,1
,106,2025-03-01,WO,0,0
,106,2025-03-02,WO,0,0
,106,2025-03-03,L,0,0
,106,2025-03-04,P,8,0
,106,2025-03-05,P,8,0
,106,2025-03-06,P,8,1
,106,2025-03-07,P,8,2
,106,2025-03-08,P,8,0
,106,2025-03-09,P,8,0
,106,2025-03-10,P,8,0
,106,2025-03-11,P,8,0
,106,2025-03-12,P,8,0
,106,2025-03-13,P,8,1
,106,2025-03-14,P,8,2
,106,2025-03-15,L,0,0
,106,2025-03-16,P,8,0
,106,2025-03-17,P,8,0
,106,2025-03-18,P,8,0
,106,2025-03-19,P,8,0
,106,2025-03-20,P,8,0
,106,2025-03-21,P,8,0
,106,2025-03-22,P,8,3
,106,2025-03-23,P,8,0
,106,2025-03-24,P,8,0
,106,2025-03-25,L,0,0
,106,2025-03-26,P,8,0
,106,2025-03-27,P,8,3
,106,2025-03-28,WO,0,0
,106,2025-03-29,P,8,1
,106,2025-03-30,P,8,0
,106,2025-03-31,P,8,0
,107,2025-01-01,P,8,0
,107,2025-01-02,P,8,1
,107,2025-01-03,WO,0,0
,107,2025-01-04,P,8,0
,107,2025-01-05,WO,0,0
,107,2025-01-06,P,8,1
,107,2025-01-07,P,8,0
,107,2025-01-08,L,0,0
,107,2025-01-09,P,8,0
,107,2025-01-10,A,0,0
,107,2025-01-11,P,8,0
,107,2025-01-12,L,0,0
,107,2025-01-13,P,8,2
,107,2025-01-14,P,8,0
,107,2025-01-15,P,8,0
,107,2025-01-16,WO,0,0
,107,2025-01-17,WO,0,0
,107,2025-01-18,P,8,1
,107,2025-01-19,P,8,0
,107,2025-01-20,P,8,0
,107,2025-01-21,P,8,1
,107,2025-01-22,P,8,0
,107,2025-01-23,P,8,0
,107,2025-01-24,P,8,0
,107,2025-01-25,P,8,0
,107,2025-01-26,P,8,0
,107,2025-01-27,P,8,1
,107,2025-01-28,WO,0,0
,107,2025-01-29,P,8,0
,107,2025-01-30,P,8,0
,107,2025-01-31,P,8,0
,107,2025-02-01,P,8,0
,107,2025-02-02,P,8,0
,107,2025-02-03,P,8,0
,107,2025-02-04,P,8,1
,107,2025-02-05,P,8,3
,107,2025-02-06,P,8,1
,107,2025-02-07,P,8,1
,107,2025-02-08,P,8,0
,107,2025-02-09,P,8,0
,107,2025-02-10,P,8,0
,107,2025-02-11,P,8,0
,107,2025-02-12,P,8,1
,107,2025-02-13,P,8,3
,107,2025-02-14,P,8,0
,107,2025-02-15,P,8,0
,107,2025-02-16,A,0,0
,107,2025-02-17,P,8,1
,107,2025-02-18,P,8,0
,107,2025-02-19,P,8,0
,107,2025-02-20,P,8,0
,107,2025-02-21,P,8,0
,107,2025-02-22,P,8,0
,107,2025-02-23,P,8,0
,107,2025-02-24,P,8,0
,107,2025-02-25,P,8,0
,107,2025-02-26,P,8,2
,107,2025-02-27,P,8,0
,107,2025-02-28,P,8,0
,107,2025-03-01,P,8,0
,107,2025-03-02,WO,0,0
,107,2025-03-03,P,8,0
,107,2025-03-04,P,8,0
,107,2025-03-05,P,8,0
,107,2025-03-06,P,8,2
,107,2025-03-07,P,8,0
,107,2025-03-08,P,8,0
,107,2025-03-09,P,8,0
,107,2025-03-10,P,8,1
,107,2025-03-11,P,8,2
,107,2025-03-12,P,8,0
,107,2025-03-13,P,8,3
,107,2025-03-14,P,8,0
,107,2025-03-15,P,8,0
,107,2025-03-16,P,8,0
,107,2025-03-17,P,8,0
,107,2025-03-18,P,8,0
,107,2025-03-19,P,8,0
,107,2025-03-20,P,8,0
,107,2025-03-21,P,8,3
,107,2025-03-22,P,8,0
,107,2025-03-23,P,8,0
,107,2025-03-24,P,8,0
,107,2025-03-25,P,8,0
,107,2025-03-26,WO,0,0
,107,2025-03-27,P,8,0
,107,2025-03-28,P,8,1
,107,2025-03-29,P,8,0
,107,2025-03-30,L,0,0
,107,2025-03-31,P,8,0
,108,2025-01-01,L,0,0
,108,2025-01-02,P,8,0
,108,2025-01-03,P,8,1
,108,2025-01-04,WO,0,0
,108,2025-01-05,P,8,0
,108,2025-01-06,P,8,2
,108,2025-01-07,P,8,2
,108,2025-01-08,A,0,0
,108,2025-01-09,P,8,0
,108,2025-01-10,P,8,0
,108,2025-01-11,P,8,0
,108,2025-01-12,WO,0,0
,108,2025-01-13,L,0,0
,108,2025-01-14,P,8,0
,108,2025-01-15,P,8,0
,108,2025-01-16,P,8,1
,108,2025-01-17,WO,0,0
,108,2025-01-18,P,8,2
,108,2025-01-19,WO,0,0
,108,2025-01-20,P,8,2
,108,2025-01-21,P,8,0
,108,2025-01-22,P,8,0
,108,2025-01-23,P,8,0
,108,2025-01-24,P,8,0
,108,2025-01-25,P,8,0
,108,2025-01-26,P,8,0
,108,2025-01-27,P,8,0
,108,2025-01-28,P,8,0
,108,2025-01-29,P,8,0
,108,2025-01-30,P,8,3
,108,2025-01-31,A,0,0
,108,2025-02-01,WO,0,0
,108,2025-02-02,A,0,0
,108,2025-02-03,P,8,0
,108,2025-02-04,P,8,0
,108,2025-02-05,P,8,0
,108,2025-02-06,P,8,1
,108,2025-02-07,P,8,0
,108,2025-02-08,A,0,0
,108,2025-02-09,P,8,2
,108,2025-02-10,P,8,3
,108,2025-02-11,P,8,0
,108,2025-02-12,P,8,0
,108,2025-02-13,P,8,0
,108,2025-02-14,P,8,0
,108,2025-02-15,P,8,2
,108,2025-02-16,P,8,0
,108,2025-02-17,P,8,1
,108,2025-02-18,P,8,3
,108,2025-02-19,A,0,0
,108,2025-02-20,P,8,0
,108,2025-02-21,WO,0,0
,108,2025-02-22,P,8,0
,108,2025-02-23,P,8,1
,108,2025-02-24,P,8,2
,108,2025-02-25,P,8,0
,108,2025-02-26,A,0,0
,108,2025-02-27,P,8,0
,108,2025-02-28,P,8,0
,108,2025-03-01,P,8,0
,108,2025-03-02,P,8,1
,108,2025-03-03,P,8,0
,108,2025-03-04,P,8,2
,108,2025-03-05,P,8,0
,108,2025-03-06,P,8,0
,108,2025-03-07,P,8,2
,108,2025-03-08,P,8,1
,108,2025-03-09,P,8,0
,108,2025-03-10,P,8,0
,108,2025-03-11,P,8,2
,108,2025-03-12,P,8,0
,108,2025-03-13,P,8,0
,108,2025-03-14,P,8,0
,108,2025-03-15,P,8,0
,108,2025-03-16,P,8,0
,108,2025-03-17,P,8,0
,108,2025-03-18,P,8,0
,108,2025-03-19,P,8,0
,108,2025-03-20,P,8,0
,108,2025-03-21,P,8,1
,108,2025-03-22,P,8,0
,108,2025-03-23,WO,0,0
,108,2025-03-24,P,8,0
,108,2025-03-25,P,8,0
,108,2025-03-26,P,8,0
,108,2025-03-27,P,8,0
,108,2025-03-28,P,8,1
,108,2025-03-29,P,8,0
,108,2025-03-30,P,8,0
,108,2025-03-31,P,8,0
,109,2025-01-01,P,8,0
,109,2025-01-02,P,8,0
,109,2025-01-03,P,8,0
,109,2025-01-04,L,0,0
,109,2025-01-05,P,8,0
,109,2025-01-06,P,8,0
,109,2025-01-07,L,0,0
,109,2025-01-08,P,8,1
,109,2025-01-09,P,8,0
,109,2025-01-10,P,8,1
,109,2025-01-11,P,8,0
,109,2025-01-12,L,0,0
,109,2025-01-13,P,8,0
,109,2025-01-14,P,8,3
,109,2025-01-15,P,8,1
,109,2025-01-16,P,8,0
,109,2025-01-17,P,8,0
,109,2025-01-18,P,8,1
,109,2025-01-19,WO,0,0
,109,2025-01-20,P,8,0
,109,2025-01-21,P,8,0
,109,2025-01-22,P,8,0
,109,2025-01-23,P,8,0
,109,2025-01-24,P,8,0
,109,2025-01-25,P,8,1
,109,2025-01-26,P,8,2
,109,2025-01-27,WO,0,0
,109,2025-01-28,P,8,1
,109,2025-01-29,P,8,0
,109,2025-01-30,P,8,0
,109,2025-01-31,P,8,0
,109,2025-02-01,P,8,0
,109,2025-02-02,P,8,1
,109,2025-02-03,P,8,0
,109,2025-02-04,A,0,0
,109,2025-02-05,P,8,0
,109,2025-02-06,P,8,0
,109,2025-02-07,L,0,0
,109,2025-02-08,P,8,2
,109,2025-02-09,P,8,0
,109,2025-02-10,P,8,0
,109,2025-02-11,P,8,2
,109,2025-02-12,A,0,0
,109,2025-02-13,P,8,3
,109,2025-02-14,A,0,0
,109,2025-02-15,P,8,0
,109,2025-02-16,P,8,0
,109,2025-02-17,P,8,0
,109,2025-02-18,P,8,0
,109,2025-02-19,P,8,2
,109,2025-02-20,WO,0,0
,109,2025-02-21,P,8,2
,109,2025-02-22,P,8,0
,109,2025-02-23,P,8,0
,109,2025-02-24,P,8,0
,109,2025-02-25,P,8,0
,109,2025-02-26,P,8,1
,109,2025-02-27,P,8,0
,109,2025-02-28,P,8,0
,109,2025-03-01,P,8,1
,109,2025-03-02,P,8,0
,109,2025-03-03,P,8,0
,109,2025-03-04,P,8,0
,109,2025-03-05,P,8,0
,109,2025-03-06,P,8,0
,109,2025-03-07,A,0,0
,109,2025-03-08,P,8,1
,109,2025-03-09,P,8,0
,109,2025-03-10,P,8,0
,109,2025-03-11,P,8,0
,109,2025-03-12,P,8,3
,109,2025-03-13,P,8,0
,109,2025-03-14,P,8,1
,109,2025-03-15,P,8,0
,109,2025-03-16,P,8,0
,109,2025-03-17,P,8,1
,109,2025-03-18,P,8,0
,109,2025-03-19,P,8,0
,109,2025-03-20,P,8,0
,109,2025-03-21,P,8,0
,109,2025-03-22,P,8,0
,109,2025-03-23,P,8,2
,109,2025-03-24,P,8,0
,109,2025-03-25,A,0,0
,109,2025-03-26,P,8,2
,109,2025-03-27,P,8,3
,109,2025-03-28,P,8,0
,109,2025-03-29,P,8,2
,109,2025-03-30,A,0,0
,109,2025-03-31,P,8,0
,110,2025-01-01,WO,0,0
,110,2025-01-02,P,8,1
,110,2025-01-03,A,0,0
,110,2025-01-04,P,8,0
,110,2025-01-05,P,8,0
,110,2025-01-06,WO,0,0
,110,2025-01-07,P,8,2
,110,2025-01-08,P,8,3
,110,2025-01-09,P,8,0
,110,2025-01-10,P,8,1
,110,2025-01-11,P,8,1
,110,2025-01-12,P,8,0
,110,2025-01-13,P,8,0
,110,2025-01-14,P,8,3
,110,2025-01-15,L,0,0
,110,2025-01-16,WO,0,0
,110,2025-01-17,P,8,0
,110,2025-01-18,P,8,0
,110,2025-01-19,A,0,0
,110,2025-01-20,P,8,0
,110,2025-01-21,P,8,0
,110,2025-01-22,WO,0,0
,110,2025-01-23,P,8,0
,110,2025-01-24,L,0,0
,110,2025-01-25,P,8,0
,110,2025-01-26,P,8,0
,110,2025-01-27,P,8,3
,110,2025-01-28,P,8,2
,110,2025-01-29,P,8,0
,110,2025-01-30,P,8,0
,110,2025-01-31,P,8,2
,110,2025-02-01,P,8,0
,110,2025-02-02,P,8,0
,110,2025-02-03,P,8,0
,110,2025-02-04,P,8,0
,110,2025-02-05,P,8,0
,110,2025-02-06,P,8,0
,110,2025-02-07,WO,0,0
,110,2025-02-08,P,8,0
,110,2025-02-09,P,8,3
,110,2025-02-10,P,8,0
,110,2025-02-11,WO,0,0
,110,2025-02-12,P,8,0
,110,2025-02-13,P,8,0
,110,2025-02-14,L,0,0
,110,2025-02-15,P,8,0
,110,2025-02-16,P,8,0
,110,2025-02-17,P,8,1
,110,2025-02-18,P,8,0
,110,2025-02-19,P,8,0
,110,2025-02-20,P,8,0
,110,2025-02-21,L,0,0
,110,2025-02-22,P,8,0
,110,2025-02-23,P,8,0
,110,2025-02-24,P,8,1
,110,2025-02-25,P,8,0
,110,2025-02-26,P,8,0
,110,2025-02-27,P,8,2
,110,2025-02-28,P,8,0
,110,2025-03-01,P,8,1
,110,2025-03-02,P,8,2
,110,2025-03-03,P,8,0
,110,2025-03-04,WO,0,0
,110,2025-03-05,P,8,0
,110,2025-03-06,P,8,1
,110,2025-03-07,P,8,0
,110,2025-03-08,P,8,0
,110,2025-03-09,P,8,1
,110,2025-03-10,A,0,0
,110,2025-03-11,A,0,0
,110,2025-03-12,P,8,1
,110,2025-03-13,P,8,0
,110,2025-03-14,P,8,1
,110,2025-03-15,P,8,0
,110,2025-03-16,P,8,0
,110,2025-03-17,P,8,1
,110,2025-03-18,P,8,0
,110,2025-03-19,P,8,0
,110,2025-03-20,P,8,0
,110,2025-03-21,P,8,0
,110,2025-03-22,P,8,0
,110,2025-03-23,WO,0,0
,110,2025-03-24,P,8,1
,110,2025-03-25,P,8,0
,110,2025-03-26,P,8,0
,110,2025-03-27,P,8,0
,110,2025-03-28,P,8,0
,110,2025-03-29,P,8,0
,110,2025-03-30,P,8,0
,110,2025-03-31,P,8,3
,111,2025-01-01,P,8,1
,111,2025-01-02,P,8,0
,111,2025-01-03,P,8,1
,111,2025-01-04,P,8,0
,111,2025-01-05,P,8,1
,111,2025-01-06,P,8,1
,111,2025-01-07,P,8,0
,111,2025-01-08,P,8,0
,111,2025-01-09,P,8,0
,111,2025-01-10,L,0,0
,111,2025-01-11,P,8,1
,111,2025-01-12,L,0,0
,111,2025-01-13,P,8,0
,111,2025-01-14,L,0,0
,111,2025-01-15,P,8,1
,111,2025-01-16,P,8,0
,111,2025-01-17,P,8,2
,111,2025-01-18,P,8,0
,111,2025-01-19,WO,0,0
,111,2025-01-20,P,8,0
,111,2025-01-21,P,8,0
,111,2025-01-22,P,8,2
,111,2025-01-23,P,8,0
,111,2025-01-24,P,8,2
,111,2025-01-25,WO,0,0
,111,2025-01-26,P,8,0
,111,2025-01-27,P,8,0
,111,2025-01-28,P,8,0
,111,2025-01-29,WO,0,0
,111,2025-01-30,P,8,0
,111,2025-01-31,P,8,0
,111,2025-02-01,P,8,0
,111,2025-02-02,P,8,1
,111,2025-02-03,L,0,0
,111,2025-02-04,P,8,0
,111,2025-02-05,A,0,0
,111,2025-02-06,P,8,0
,111,2025-02-07,WO,0,0
,111,2025-02-08,P,8,0
,111,2025-02-09,P,8,0
,111,2025-02-10,P,8,1
,111,2025-02-11,P,8,0
,111,2025-02-12,P,8,0
,111,2025-02-13,P,8,2
,111,2025-02-14,P,8,1
,111,2025-02-15,P,8,0
,111,2025-02-16,P,8,3
,111,2025-02-17,P,8,1
,111,2025-02-18,P,8,0
,111,2025-02-19,P,8,2
,111,2025-02-20,L,0,0
,111,2025-02-21,P,8,0
,111,2025-02-22,P,8,0
,111,2025-02-23,P,8,0
,111,2025-02-24,P,8,3
,111,2025-02-25,P,8,0
,111,2025-02-26,P,8,1
,111,2025-02-27,P,8,0
,111,2025-02-28,P,8,1
,111,2025-03-01,P,8,0
,111,2025-03-02,P,8,0
,111,2025-03-03,P,8,2
,111,2025-03-04,P,8,1
,111,2025-03-05,P,8,1
,111,2025-03-06,P,8,0
,111,2025-03-07,L,0,0
,111,2025-03-08,P,8,0
,111,2025-03-09,P,8,2
,111,2025-03-10,P,8,1
,111,2025-03-11,P,8,0
,111,2025-03-12,P,8,0
,111,2025-03-13,P,8,0
,111,2025-03-14,WO,0,0
,111,2025-03-15,P,8,1
,111,2025-03-16,P,8,0
,111,2025-03-17,P,8,0
,111,2025-03-18,P,8,0
,111,2025-03-19,P,8,0
,111,2025-03-20,P,8,0
,111,2025-03-21,P,8,0
,111,2025-03-22,P,8,0
,111,2025-03-23,P,8,0
,111,2025-03-24,P,8,0
,111,2025-03-25,P,8,0
,111,2025-03-26,P,8,2
,111,2025-03-27,P,8,0
,111,2025-03-28,P,8,0
,111,2025-03-29,P,8,0
,111,2025-03-30,WO,0,0
,111,2025-03-31,P,8,0
,112,2025-01-01,P,8,0
,112,2025-01-02,P,8,1
,112,2025-01-03,A,0,0
,112,2025-01-04,P,8,1
,112,2025-01-05,L,0,0
,112,2025-01-06,WO,0,0
,112,2025-01-07,P,8,1
,112,2025-01-08,P,8,3
,112,2025-01-09,P,8,0
,112,2025-01-10,P,8,0
,112,2025-01-11,L,0,0
,112,2025-01-12,L,0,0
,112,2025-01-13,P,8,0
,112,2025-01-14,P,8,0
,112,2025-01-15,P,8,1
,112,2025-01-16,P,8,0
,112,2025-01-17,L,0,0
,112,2025-01-18,P,8,0
,112,2025-01-19,WO,0,0
,112,2025-01-20,P,8,1
,112,2025-01-21,L,0,0
,112,2025-01-22,WO,0,0
,112,2025-01-23,P,8,0
,112,2025-01-24,P,8,1
,112,2025-01-25,WO,0,0
,112,2025-01-26,P,8,0
,112,2025-01-27,P,8,0
,112,2025-01-28,P,8,0
,112,2025-01-29,WO,0,0
,112,2025-01-30,P,8,0
,112,2025-01-31,P,8,0
,112,2025-02-01,P,8,1
,112,2025-02-02,A,0,0
,112,2025-02-03,A,0,0
,112,2025-02-04,P,8,0
,112,2025-02-05,P,8,0
,112,2025-02-06,P,8,0
,112,2025-02-07,P,8,0
,112,2025-02-08,P,8,3
,112,2025-02-09,P,8,0
,112,2025-02-10,P,8,2
,112,2025-02-11,P,8,0
,112,2025-02-12,P,8,1
,112,2025-02-13,P,8,1
,112,2025-02-14,WO,0,0
,112,2025-02-15,P,8,1
,112,2025-02-16,P,8,2
,112,2025-02-17,P,8,2
,112,2025-02-18,P,8,0
,112,2025-02-19,P,8,0
,112,2025-02-20,P,8,0
,112,2025-02-21,P,8,0
,112,2025-02-22,A,0,0
,112,2025-02-23,P,8,0
,112,2025-02-24,P,8,0
,112,2025-02-25,L,0,0
,112,2025-02-26,P,8,1
,112,2025-02-27,L,0,0
,112,2025-02-28,A,0,0
,112,2025-03-01,P,8,1
,112,2025-03-02,L,0,0
,112,2025-03-03,P,8,0
,112,2025-03-04,P,8,0
,112,2025-03-05,P,8,0
,112,2025-03-06,P,8,0
,112,2025-03-07,P,8,0
,112,2025-03-08,P,8,0
,112,2025-03-09,P,8,1
,112,2025-03-10,P,8,0
,112,2025-03-11,P,8,0
,112,2025-03-12,P,8,2
,112,2025-03-13,WO,0,0
,112,2025-03-14,P,8,0
,112,2025-03-15,L,0,0
,112,2025-03-16,P,8,0
,112,2025-03-17,A,0,0
,112,2025-03-18,P,8,0
,112,2025-03-19,P,8,1
,112,2025-03-20,P,8,0
,112,2025-03-21,P,8,0
,112,2025-03-22,P,8,1
,112,2025-03-23,P,8,0
,112,2025-03-24,WO,0,0
,112,2025-03-25,P,8,3
,112,2025-03-26,P,8,0
,112,2025-03-27,P,8,2
,112,2025-03-28,P,8,0
,112,2025-03-29,P,8,0
,112,2025-03-30,P,8,2
,112,2025-03-31,P,8,1
,113,2025-01-01,P,8,0
,113,2025-01-02,P,8,0
,113,2025-01-03,P,8,3
,113,2025-01-04,P,8,0
,113,2025-01-05,P,8,3
,113,2025-01-06,P,8,0
,113,2025-01-07,WO,0,0
,113,2025-01-08,P,8,0
,113,2025-01-09,P,8,2
,113,2025-01-10,P,8,0
,113,2025-01-11,P,8,0
,113,2025-01-12,P,8,0
,113,2025-01-13,P,8,0
,113,2025-01-14,P,8,0
,113,2025-01-15,WO,0,0
,113,2025-01-16,P,8,1
,113,2025-01-17,A,0,0
,113,2025-01-18,P,8,0
,113,2025-01-19,P,8,0
,113,2025-01-20,P,8,0
,113,2025-01-21,P,8,1
,113,2025-01-22,P,8,1
,113,2025-01-23,P,8,2
,113,2025-01-24,P,8,0
,113,2025-01-25,P,8,0
,113,2025-01-26,P,8,2
,113,2025-01-27,P,8,0
,113,2025-01-28,P,8,2
,113,2025-01-29,P,8,0
,113,2025-01-30,P,8,0
,113,2025-01-31,P,8,3
,113,2025-02-01,P,8,2
,113,2025-02-02,P,8,1
,113,2025-02-03,A,0,0
,113,2025-02-04,P,8,2
,113,2025-02-05,P,8,0
,113,2025-02-06,A,0,0
,113,2025-02-07,P,8,0
,113,2025-02-08,P,8,0
,113,2025-02-09,WO,0,0
,113,2025-02-10,P,8,0
,113,2025-02-11,P,8,0
,113,2025-02-12,P,8,0
,113,2025-02-13,WO,0,0
,113,2025-02-14,P,8,0
,113,2025-02-15,P,8,0
,113,2025-02-16,P,8,0
,113,2025-02-17,P,8,1
,113,2025-02-18,P,8,1
,113,2025-02-19,L,0,0
,113,2025-02-20,A,0,0
,113,2025-02-21,P,8,0
,113,2025-02-22,P,8,0
,113,2025-02-23,P,8,2
,113,2025-02-24,A,0,0
,113,2025-02-25,P,8,0
,113,2025-02-26,A,0,0
,113,2025-02-27,P,8,0
,113,2025-02-28,WO,0,0
,113,2025-03-01,P,8,0
,113,2025-03-02,P,8,2
,113,2025-03-03,P,8,0
,113,2025-03-04,P,8,0
,113,2025-03-05,P,8,1
,113,2025-03-06,P,8,2
,113,2025-03-07,P,8,0
,113,2025-03-08,P,8,0
,113,2025-03-09,P,8,0
,113,2025-03-10,P,8,0
,113,2025-03-11,P,8,1
,113,2025-03-12,WO,0,0
,113,2025-03-13,P,8,0
,113,2025-03-14,P,8,0
,113,2025-03-15,P,8,1
,113,2025-03-16,P,8,0
,113,2025-03-17,A,0,0
,113,2025-03-18,P,8,1
,113,2025-03-19,P,8,0
,113,2025-03-20,P,8,0
,113,2025-03-21,L,0,0
,113,2025-03-22,P,8,3
,113,2025-03-23,P,8,0
,113,2025-03-24,P,8,0
,113,2025-03-25,WO,0,0
,113,2025-03-26,P,8,0
,113,2025-03-27,P,8,0
,113,2025-03-28,P,8,0
,113,2025-03-29,A,0,0
,113,2025-03-30,P,8,0
,113,2025-03-31,P,8,0
,114,2025-01-01,L,0,0
,114,2025-01-02,P,8,0
,114,2025-01-03,P,8,0
,114,2025-01-04,P,8,3
,114,2025-01-05,P,8,3
,114,2025-01-06,P,8,0
,114,2025-01-07,P,8,0
,114,2025-01-08,A,0,0
,114,2025-01-09,P,8,1
,114,2025-01-10,P,8,0
,114,2025-01-11,P,8,0
,114,2025-01-12,P,8,1
,114,2025-01-13,P,8,0
,114,2025-01-14,P,8,3
,114,2025-01-15,P,8,1
,114,2025-01-16,P,8,1
,114,2025-01-17,P,8,0
,114,2025-01-18,P,8,1
,114,2025-01-19,P,8,1
,114,2025-01-20,P,8,2
,114,2025-01-21,P,8,2
,114,2025-01-22,P,8,0
,114,2025-01-23,P,8,0
,114,2025-01-24,P,8,0
,114,2025-01-25,P,8,0
,114,2025-01-26,P,8,0
,114,2025-01-27,P,8,0
,114,2025-01-28,L,0,0
,114,2025-01-29,WO,0,0
,114,2025-01-30,P,8,0
,114,2025-01-31,P,8,0
,114,2025-02-01,P,8,0
,114,2025-02-02,P,8,0
,114,2025-02-03,P,8,0
,114,2025-02-04,WO,0,0
,114,2025-02-05,P,8,1
,114,2025-02-06,WO,0,0
,114,2025-02-07,P,8,0
,114,2025-02-08,P,8,0
,114,2025-02-09,A,0,0
,114,2025-02-10,P,8,3
,114,2025-02-11,P,8,0
,114,2025-02-12,P,8,0
,114,2025-02-13,P,8,0
,114,2025-02-14,P,8,0
,114,2025-02-15,L,0,0
,114,2025-02-16,P,8,1
,114,2025-02-17,P,8,2
,114,2025-02-18,P,8,2
,114,2025-02-19,P,8,0
,114,2025-02-20,P,8,1
,114,2025-02-21,P,8,1
,114,2025-02-22,P,8,1
,114,2025-02-23,L,0,0
,114,2025-02-24,P,8,3
,114,2025-02-25,P,8,0
,114,2025-02-26,P,8,0
,114,2025-02-27,P,8,0
,114,2025-02-28,P,8,2
,114,2025-03-01,A,0,0
,114,2025-03-02,A,0,0
,114,2025-03-03,WO,0,0
,114,2025-03-04,P,8,0
,114,2025-03-05,P,8,1
,114,2025-03-06,P,8,0
,114,2025-03-07,P,8,0
,114,2025-03-08,P,8,0
,114,2025-03-09,P,8,0
,114,2025-03-10,P,8,0
,114,2025-03-11,WO,0,0
,114,2025-03-12,P,8,0
,114,2025-03-13,A,0,0
,114,2025-03-14,P,8,0
,114,2025-03-15,P,8,1
,114,2025-03-16,P,8,0
,114,2025-03-17,WO,0,0
,114,2025-03-18,P,8,0
,114,2025-03-19,P,8,0
,114,2025-03-20,P,8,0
,114,2025-03-21,A,0,0
,114,2025-03-22,P,8,0
,114,2025-03-23,P,8,0
,114,2025-03-24,P,8,1
,114,2025-03-25,P,8,1
,114,2025-03-26,WO,0,0
,114,2025-03-27,P,8,1
,114,2025-03-28,P,8,0
,114,2025-03-29,P,8,0
,114,2025-03-30,P,8,0
,114,2025-03-31,P,8,0
,115,2025-01-01,P,8,2
,115,2025-01-02,P,8,0
,115,2025-01-03,P,8,2
,115,2025-01-04,A,0,0
,115,2025-01-05,P,8,0
,115,2025-01-06,P,8,0
,115,2025-01-07,P,8,1
,115,2025-01-08,P,8,0
,115,2025-01-09,WO,0,0
,115,2025-01-10,P,8,0
,115,2025-01-11,P,8,2
,115,2025-01-12,P,8,2
,115,2025-01-13,A,0,0
,115,2025-01-14,P,8,0
,115,2025-01-15,WO,0,0
,115,2025-01-16,P,8,2
,115,2025-01-17,WO,0,0
,115,2025-01-18,P,8,0
,115,2025-01-19,WO,0,0
,115,2025-01-20,P,8,0
,115,2025-01-21,P,8,0
,115,2025-01-22,WO,0,0
,115,2025-01-23,A,0,0
,115,2025-01-24,P,8,0
,115,2025-01-25,P,8,2
,115,2025-01-26,P,8,0
,115,2025-01-27,P,8,0
,115,2025-01-28,WO,0,0
,115,2025-01-29,P,8,0
,115,2025-01-30,P,8,3
,115,2025-01-31,P,8,0
,115,2025-02-01,P,8,2
,115,2025-02-02,P,8,0
,115,2025-02-03,P,8,1
,115,2025-02-04,P,8,2
,115,2025-02-05,P,8,0
,115,2025-02-06,P,8,1
,115,2025-02-07,P,8,2
,115,2025-02-08,P,8,0
,115,2025-02-09,P,8,1
,115,2025-02-10,P,8,0
,115,2025-02-11,WO,0,0
,115,2025-02-12,P,8,1
,115,2025-02-13,L,0,0
,115,2025-02-14,P,8,0
,115,2025-02-15,P,8,0
,115,2025-02-16,P,8,0
,115,2025-02-17,P,8,1
,115,2025-02-18,P,8,0
,115,2025-02-19,P,8,0
,115,2025-02-20,P,8,2
,115,2025-02-21,A,0,0
,115,2025-02-22,P,8,2
,115,2025-02-23,P,8,1
,115,2025-02-24,P,8,2
,115,2025-02-25,P,8,1
,115,2025-02-26,WO,0,0
,115,2025-02-27,P,8,0
,115,2025-02-28,P,8,0
,115,2025-03-01,P,8,0
,115,2025-03-02,P,8,2
,115,2025-03-03,P,8,0
,115,2025-03-04,P,8,0
,115,2025-03-05,P,8,0
,115,2025-03-06,P,8,0
,115,2025-03-07,P,8,0
,115,2025-03-08,P,8,0
,115,2025-03-09,P,8,0
,115,2025-03-10,P,8,2
,115,2025-03-11,P,8,0
,115,2025-03-12,A,0,0
,115,2025-03-13,P,8,0
,115,2025-03-14,P,8,0
,115,2025-03-15,WO,0,0
,115,2025-03-16,P,8,2
,115,2025-03-17,P,8,0
,115,2025-03-18,P,8,0
,115,2025-03-19,P,8,3
,115,2025-03-20,P,8,0
,115,2025-03-21,P,8,0
,115,2025-03-22,P,8,1
,115,2025-03-23,P,8,1
,115,2025-03-24,P,8,2
,115,2025-03-25,A,0,0
,115,2025-03-26,P,8,0
,115,2025-03-27,L,0,0
,115,2025-03-28,P,8,2
,115,2025-03-29,P,8,0
,115,2025-03-30,A,0,0
,115,2025-03-31,WO,0,0
,116,2025-01-01,P,8,1
,116,2025-01-02,P,8,0
,116,2025-01-03,P,8,0
,116,2025-01-04,WO,0,0
,116,2025-01-05,P,8,0
,116,2025-01-06,P,8,0
,116,2025-01-07,P,8,1
,116,2025-01-08,P,8,2
,116,2025-01-09,L,0,0
,116,2025-01-10,P,8,2
,116,2025-01-11,P,8,0
,116,2025-01-12,P,8,0
,116,2025-01-13,P,8,2
,116,2025-01-14,P,8,2
,116,2025-01-15,P,8,0
,116,2025-01-16,L,0,0
,116,2025-01-17,P,8,0
,116,2025-01-18,P,8,0
,116,2025-01-19,P,8,0
,116,2025-01-20,P,8,3
,116,2025-01-21,P,8,0
,116,2025-01-22,P,8,2
,116,2025-01-23,P,8,0
,116,2025-01-24,P,8,0
,116,2025-01-25,A,0,0
,116,2025-01-26,P,8,0
,116,2025-01-27,P,8,0
,116,2025-01-28,L,0,0
,116,2025-01-29,L,0,0
,116,2025-01-30,P,8,2
,116,2025-01-31,P,8,0
,116,2025-02-01,P,8,0
,116,2025-02-02,P,8,3
,116,2025-02-03,P,8,2
,116,2025-02-04,P,8,1
,116,2025-02-05,P,8,0
,116,2025-02-06,P,8,1
,116,2025-02-07,P,8,1
,116,2025-02-08,P,8,0
,116,2025-02-09,A,0,0
,116,2025-02-10,P,8,0
,116,2025-02-11,P,8,2
,116,2025-02-12,P,8,2
,116,2025-02-13,P,8,3
,116,2025-02-14,L,0,0
,116,2025-02-15,P,8,0
,116,2025-02-16,P,8,0
,116,2025-02-17,P,8,0
,116,2025-02-18,P,8,0
,116,2025-02-19,P,8,0
,116,2025-02-20,L,0,0
,116,2025-02-21,P,8,0
,116,2025-02-22,P,8,1
,116,2025-02-23,WO,0,0
,116,2025-02-24,WO,0,0
,116,2025-02-25,L,0,0
,116,2025-02-26,P,8,1
,116,2025-02-27,P,8,0
,116,2025-02-28,L,0,0
,116,2025-03-01,P,8,0
,116,2025-03-02,P,8,0
,116,2025-03-03,P,8,0
,116,2025-03-04,P,8,0
,116,2025-03-05,A,0,0
,116,2025-03-06,P,8,0
,116,2025-03-07,WO,0,0
,116,2025-03-08,A,0,0
,116,2025-03-09,P,8,1
,116,2025-03-10,A,0,0
,116,2025-03-11,WO,0,0
,116,2025-03-12,P,8,0
,116,2025-03-13,P,8,0
,116,2025-03-14,P,8,0
,116,2025-03-15,P,8,0
,116,2025-03-16,P,8,2
,116,2025-03-17,P,8,0
,116,2025-03-18,A,0,0
,116,2025-03-19,P,8,1
,116,2025-03-20,P,8,0
,116,2025-03-21,A,0,0
,116,2025-03-22,P,8,0
,116,2025-03-23,P,8,0
,116,2025-03-24,WO,0,0
,116,2025-03-25,P,8,0
,116,2025-03-26,P,8,0
,116,2025-03-27,P,8,0
,116,2025-03-28,P,8,0
,116,2025-03-29,P,8,0
,116,2025-03-30,P,8,2
,116,2025-03-31,P,8,0
,117,2025-01-01,P,8,1
,117,2025-01-02,P,8,0
,117,2025-01-03,P,8,0
,117,2025-01-04,WO,0,0
,117,2025-01-05,A,0,0
,117,2025-01-06,P,8,0
,117,2025-01-07,P,8,0
,117,2025-01-08,L,0,0
,117,2025-01-09,P,8,0
,117,2025-01-10,P,8,0
,117,2025-01-11,P,8,0
,117,2025-01-12,P,8,1
,117,2025-01-13,P,8,0
,117,2025-01-14,P,8,0
,117,2025-01-15,P,8,0
,117,2025-01-16,P,8,2
,117,2025-01-17,P,8,0
,117,2025-01-18,P,8,1
,117,2025-01-19,P,8,0
,117,2025-01-20,L,0,0
,117,2025-01-21,P,8,0
,117,2025-01-22,P,8,0
,117,2025-01-23,A,0,0
,117,2025-01-24,P,8,0
,117,2025-01-25,WO,0,0
,117,2025-01-26,P,8,0
,117,2025-01-27,P,8,0
,117,2025-01-28,P,8,0
,117,2025-01-29,P,8,0
,117,2025-01-30,P,8,0
,117,2025-01-31,P,8,0
,117,2025-02-01,P,8,0
,117,2025-02-02,P,8,0
,117,2025-02-03,WO,0,0
,117,2025-02-04,P,8,1
,117,2025-02-05,P,8,1
,117,2025-02-06,P,8,1
,117,2025-02-07,P,8,0
,117,2025-02-08,P,8,1
,117,2025-02-09,P,8,0
,117,2025-02-10,P,8,0
,117,2025-02-11,P,8,0
,117,2025-02-12,L,0,0
,117,2025-02-13,P,8,3
,117,2025-02-14,P,8,2
,117,2025-02-15,A,0,0
,117,2025-02-16,P,8,0
,117,2025-02-17,P,8,1
,117,2025-02-18,P,8,0
,117,2025-02-19,P,8,2
,117,2025-02-20,WO,0,0
,117,2025-02-21,L,0,0
,117,2025-02-22,P,8,0
,117,2025-02-23,P,8,0
,117,2025-02-24,P,8,0
,117,2025-02-25,P,8,0
,117,2025-02-26,WO,0,0
,117,2025-02-27,P,8,2
,117,2025-02-28,P,8,0
,117,2025-03-01,P,8,0
,117,2025-03-02,P,8,0
,117,2025-03-03,P,8,0
,117,2025-03-04,P,8,3
,117,2025-03-05,P,8,1
,117,2025-03-06,P,8,1
,117,2025-03-07,P,8,0
,117,2025-03-08,L,0,0
,117,2025-03-09,P,8,2
,117,2025-03-10,WO,0,0
,117,2025-03-11,P,8,0
,117,2025-03-12,L,0,0
,117,2025-03-13,P,8,0
,117,2025-03-14,L,0,0
,117,2025-03-15,P,8,0
,117,2025-03-16,P,8,0
,117,2025-03-17,P,8,0
,117,2025-03-18,P,8,0
,117,2025-03-19,P,8,0
,117,2025-03-20,P,8,0
,117,2025-03-21,P,8,0
,117,2025-03-22,P,8,2
,117,2025-03-23,P,8,0
,117,2025-03-24,P,8,0
,117,2025-03-25,P,8,0
,117,2025-03-26,P,8,1
,117,2025-03-27,P,8,0
,117,2025-03-28,P,8,0
,117,2025-03-29,P,8,0
,117,2025-03-30,P,8,0
,117,2025-03-31,P,8,0
,118,2025-01-01,P,8,0
,118,2025-01-02,P,8,2
,118,2025-01-03,P,8,1
,118,2025-01-04,P,8,0
,118,2025-01-05,P,8,0
,118,2025-01-06,P,8,2
,118,2025-01-07,P,8,2
,118,2025-01-08,P,8,1
,118,2025-01-09,P,8,1
,118,2025-01-10,P,8,0
,118,2025-01-11,P,8,1
,118,2025-01-12,P,8,2
,118,2025-01-13,P,8,1
,118,2025-01-14,WO,0,0
,118,2025-01-15,A,0,0
,118,2025-01-16,P,8,0
,118,2025-01-17,L,0,0
,118,2025-01-18,P,8,0
,118,2025-01-19,P,8,1
,118,2025-01-20,P,8,0
,118,2025-01-21,A,0,0
,118,2025-01-22,P,8,2
,118,2025-01-23,P,8,0
,118,2025-01-24,P,8,0
,118,2025-01-25,WO,0,0
,118,2025-01-26,P,8,0
,118,2025-01-27,P,8,0
,118,2025-01-28,P,8,0
,118,2025-01-29,P,8,2
,118,2025-01-30,P,8,0
,118,2025-01-31,P,8,1
,118,2025-02-01,P,8,0
,118,2025-02-02,P,8,3
,118,2025-02-03,P,8,1
,118,2025-02-04,P,8,0
,118,2025-02-05,P,8,0
,118,2025-02-06,WO,0,0
,118,2025-02-07,WO,0,0
,118,2025-02-08,WO,0,0
,118,2025-02-09,P,8,1
,118,2025-02-10,P,8,2
,118,2025-02-11,P,8,1
,118,2025-02-12,P,8,0
,118,2025-02-13,P,8,1
,118,2025-02-14,P,8,0
,118,2025-02-15,P,8,0
,118,2025-02-16,P,8,0
,118,2025-02-17,P,8,0
,118,2025-02-18,P,8,0
,118,2025-02-19,P,8,1
,118,2025-02-20,P,8,0
,118,2025-02-21,WO,0,0
,118,2025-02-22,P,8,0
,118,2025-02-23,P,8,2
,118,2025-02-24,P,8,1
,118,2025-02-25,A,0,0
,118,2025-02-26,P,8,1
,118,2025-02-27,P,8,2
,118,2025-02-28,P,8,0
,118,2025-03-01,P,8,1
,118,2025-03-02,P,8,2
,118,2025-03-03,A,0,0
,118,2025-03-04,P,8,1
,118,2025-03-05,P,8,0
,118,2025-03-06,P,8,0
,118,2025-03-07,P,8,0
,118,2025-03-08,WO,0,0
,118,2025-03-09,P,8,1
,118,2025-03-10,P,8,0
,118,2025-03-11,P,8,2
,118,2025-03-12,P,8,0
,118,2025-03-13,P,8,0
,118,2025-03-14,P,8,0
,118,2025-03-15,P,8,1
,118,2025-03-16,P,8,0
,118,2025-03-17,P,8,1
,118,2025-03-18,WO,0,0
,118,2025-03-19,P,8,1
,118,2025-03-20,P,8,0
,118,2025-03-21,P,8,0
,118,2025-03-22,P,8,2
,118,2025-03-23,P,8,0
,118,2025-03-24,P,8,0
,118,2025-03-25,P,8,0
,118,2025-03-26,P,8,0
,118,2025-03-27,P,8,0
,118,2025-03-28,P,8,0
,118,2025-03-29,L,0,0
,118,2025-03-30,P,8,1
,118,2025-03-31,WO,0,0
,119,2025-01-01,P,8,0
,119,2025-01-02,P,8,0
,119,2025-01-03,P,8,0
,119,2025-01-04,P,8,0
,119,2025-01-05,WO,0,0
,119,2025-01-06,P,8,0
,119,2025-01-07,WO,0,0
,119,2025-01-08,P,8,3
,119,2025-01-09,P,8,0
,119,2025-01-10,P,8,0
,119,2025-01-11,P,8,3
,119,2025-01-12,P,8,0
,119,2025-01-13,WO,0,0
,119,2025-01-14,P,8,0
,119,2025-01-15,WO,0,0
,119,2025-01-16,P,8,1
,119,2025-01-17,WO,0,0
,119,2025-01-18,P,8,0
,119,2025-01-19,P,8,0
,119,2025-01-20,WO,0,0
,119,2025-01-21,P,8,0
,119,2025-01-22,P,8,0
,119,2025-01-23,P,8,1
,119,2025-01-24,P,8,0
,119,2025-01-25,P,8,0
,119,2025-01-26,P,8,0
,119,2025-01-27,P,8,0
,119,2025-01-28,P,8,0
,119,2025-01-29,P,8,1
,119,2025-01-30,A,0,0
,119,2025-01-31,P,8,3
,119,2025-02-01,P,8,0
,119,2025-02-02,L,0,0
,119,2025-02-03,P,8,2
,119,2025-02-04,P,8,0
,119,2025-02-05,P,8,1
,119,2025-02-06,P,8,1
,119,2025-02-07,P,8,0
,119,2025-02-08,P,8,0
,119,2025-02-09,WO,0,0
,119,2025-02-10,P,8,1
,119,2025-02-11,A,0,0
,119,2025-02-12,P,8,0
,119,2025-02-13,P,8,0
,119,2025-02-14,P,8,0
,119,2025-02-15,P,8,0
,119,2025-02-16,P,8,0
,119,2025-02-17,P,8,1
,119,2025-02-18,P,8,0
,119,2025-02-19,P,8,0
,119,2025-02-20,P,8,0
,119,2025-02-21,P,8,0
,119,2025-02-22,P,8,0
,119,2025-02-23,P,8,1
,119,2025-02-24,WO,0,0
,119,2025-02-25,P,8,1
,119,2025-02-26,P,8,0
,119,2025-02-27,P,8,0
,119,2025-02-28,P,8,0
,119,2025-03-01,P,8,2
,119,2025-03-02,WO,0,0
,119,2025-03-03,P,8,1
,119,2025-03-04,P,8,0
,119,2025-03-05,P,8,0
,119,2025-03-06,P,8,3
,119,2025-03-07,P,8,0
,119,2025-03-08,P,8,0
,119,2025-03-09,P,8,0
,119,2025-03-10,P,8,1
,119,2025-03-11,P,8,0
,119,2025-03-12,P,8,1
,119,2025-03-13,P,8,1
,119,2025-03-14,A,0,0
,119,2025-03-15,P,8,3
,119,2025-03-16,P,8,1
,119,2025-03-17,P,8,0
,119,2025-03-18,P,8,0
,119,2025-03-19,P,8,0
,119,2025-03-20,WO,0,0
,119,2025-03-21,A,0,0
,119,2025-03-22,P,8,2
,119,2025-03-23,P,8,0
,119,2025-03-24,P,8,0
,119,2025-03-25,P,8,0
,119,2025-03-26,P,8,0
,119,2025-03-27,P,8,1
,119,2025-03-28,P,8,3
,119,2025-03-29,A,0,0
,119,2025-03-30,WO,0,0
,119,2025-03-31,WO,0,0
,120,2025-01-01,A,0,0
,120,2025-01-02,P,8,0
,120,2025-01-03,P,8,0
,120,2025-01-04,P,8,0
,120,2025-01-05,L,0,0
,120,2025-01-06,WO,0,0
,120,2025-01-07,A,0,0
,120,2025-01-08,P,8,0
,120,2025-01-09,P,8,0
,120,2025-01-10,P,8,0
,120,2025-01-11,WO,0,0
,120,2025-01-12,P,8,0
,120,2025-01-13,P,8,0
,120,2025-01-14,P,8,2
,120,2025-01-15,P,8,0
,120,2025-01-16,P,8,0
,120,2025-01-17,P,8,1
,120,2025-01-18,P,8,0
,120,2025-01-19,P,8,0
,120,2025-01-20,WO,0,0
,120,2025-01-21,P,8,0
,120,2025-01-22,P,8,0
,120,2025-01-23,P,8,0
,120,2025-01-24,P,8,2
,120,2025-01-25,P,8,2
,120,2025-01-26,P,8,2
,120,2025-01-27,A,0,0
,120,2025-01-28,P,8,2
,120,2025-01-29,P,8,2
,120,2025-01-30,P,8,0
,120,2025-01-31,P,8,3
,120,2025-02-01,P,8,0
,120,2025-02-02,P,8,1
,120,2025-02-03,P,8,0
,120,2025-02-04,P,8,0
,120,2025-02-05,P,8,2
,120,2025-02-06,P,8,0
,120,2025-02-07,P,8,0
,120,2025-02-08,P,8,0
,120,2025-02-09,P,8,2
,120,2025-02-10,P,8,3
,120,2025-02-11,WO,0,0
,120,2025-02-12,P,8,1
,120,2025-02-13,P,8,0
,120,2025-02-14,P,8,0
,120,2025-02-15,P,8,1
,120,2025-02-16,P,8,0
,120,2025-02-17,WO,0,0
,120,2025-02-18,P,8,0
,120,2025-02-19,P,8,0
,120,2025-02-20,P,8,3
,120,2025-02-21,P,8,0
,120,2025-02-22,A,0,0
,120,2025-02-23,WO,0,0
,120,2025-02-24,P,8,0
,120,2025-02-25,P,8,0
,120,2025-02-26,P,8,0
,120,2025-02-27,WO,0,0
,120,2025-02-28,P,8,0
,120,2025-03-01,P,8,0
,120,2025-03-02,P,8,0
,120,2025-03-03,WO,0,0
,120,2025-03-04,P,8,0
,120,2025-03-05,P,8,0
,120,2025-03-06,P,8,0
,120,2025-03-07,P,8,2
,120,2025-03-08,P,8,0
,120,2025-03-09,P,8,3
,120,2025-03-10,P,8,0
,120,2025-03-11,P,8,0
,120,2025-03-12,P,8,0
,120,2025-03-13,P,8,0
,120,2025-03-14,A,0,0
,120,2025-03-15,P,8,0
,120,2025-03-16,P,8,3
,120,2025-03-17,P,8,2
,120,2025-03-18,P,8,0
,120,2025-03-19,L,0,0
,120,2025-03-20,P,8,0
,120,2025-03-21,A,0,0
,120,2025-03-22,P,8,0
,120,2025-03-23,P,8,0
,120,2025-03-24,P,8,0
,120,2025-03-25,P,8,0
,120,2025-03-26,P,8,2
,120,2025-03-27,P,8,3
,120,2025-03-28,P,8,1
,120,2025-03-29,P,8,0
,120,2025-03-30,P,8,0
,120,2025-03-31,P,8,3
,121,2025-01-01,P,8,0
,121,2025-01-02,P,8,0
,121,2025-01-03,P,8,1
,121,2025-01-04,WO,0,0
,121,2025-01-05,P,8,0
,121,2025-01-06,P,8,0
,121,2025-01-07,P,8,0
,121,2025-01-08,P,8,0
,121,2025-01-09,P,8,0
,121,2025-01-10,P,8,0
,121,2025-01-11,P,8,2
,121,2025-01-12,WO,0,0
,121,2025-01-13,A,0,0
,121,2025-01-14,P,8,1
,121,2025-01-15,P,8,2
,121,2025-01-16,P,8,3
,121,2025-01-17,WO,0,0
,121,2025-01-18,P,8,0
,121,2025-01-19,P,8,2
,121,2025-01-20,P,8,2
,121,2025-01-21,P,8,0
,121,2025-01-22,WO,0,0
,121,2025-01-23,P,8,0
,121,2025-01-24,P,8,0
,121,2025-01-25,P,8,0
,121,2025-01-26,WO,0,0
,121,2025-01-27,WO,0,0
,121,2025-01-28,P,8,1
,121,2025-01-29,P,8,0
,121,2025-01-30,L,0,0
,121,2025-01-31,P,8,0
,121,2025-02-01,P,8,0
,121,2025-02-02,P,8,1
,121,2025-02-03,P,8,0
,121,2025-02-04,P,8,0
,121,2025-02-05,P,8,0
,121,2025-02-06,P,8,0
,121,2025-02-07,P,8,0
,121,2025-02-08,WO,0,0
,121,2025-02-09,WO,0,0
,121,2025-02-10,P,8,2
,121,2025-02-11,P,8,0
,121,2025-02-12,P,8,1
,121,2025-02-13,P,8,0
,121,2025-02-14,P,8,0
,121,2025-02-15,P,8,2
,121,2025-02-16,P,8,1
,121,2025-02-17,P,8,0
,121,2025-02-18,P,8,0
,121,2025-02-19,P,8,0
,121,2025-02-20,P,8,0
,121,2025-02-21,P,8,0
,121,2025-02-22,P,8,0
,121,2025-02-23,WO,0,0
,121,2025-02-24,WO,0,0
,121,2025-02-25,L,0,0
,121,2025-02-26,P,8,1
,121,2025-02-27,P,8,0
,121,2025-02-28,P,8,1
,121,2025-03-01,WO,0,0
,121,2025-03-02,P,8,2
,121,2025-03-03,P,8,0
,121,2025-03-04,P,8,0
,121,2025-03-05,P,8,0
,121,2025-03-06,P,8,0
,121,2025-03-07,WO,0,0
,121,2025-03-08,A,0,0
,121,2025-03-09,WO,0,0
,121,2025-03-10,P,8,0
,121,2025-03-11,P,8,0
,121,2025-03-12,P,8,0
,121,2025-03-13,P,8,0
,121,2025-03-14,P,8,0
,121,2025-03-15,P,8,0
,121,2025-03-16,P,8,0
,121,2025-03-17,P,8,0
,121,2025-03-18,P,8,0
,121,2025-03-19,P,8,0
,121,2025-03-20,WO,0,0
,121,2025-03-21,P,8,0
,121,2025-03-22,P,8,0
,121,2025-03-23,P,8,0
,121,2025-03-24,P,8,0
,121,2025-03-25,P,8,0
,121,2025-03-26,A,0,0
,121,2025-03-27,P,8,3
,121,2025-03-28,P,8,3
,121,2025-03-29,WO,0,0
,121,2025-03-30,P,8,0
,121,2025-03-31,P,8,0
,122,2025-01-01,P,8,0
,122,2025-01-02,P,8,0
,122,2025-01-03,WO,0,0
,122,2025-01-04,P,8,0
,122,2025-01-05,P,8,2
,122,2025-01-06,P,8,0
,122,2025-01-07,P,8,0
,122,2025-01-08,P,8,2
,122,2025-01-09,P,8,0
,122,2025-01-10,WO,0,0
,122,2025-01-11,P,8,1
,122,2025-01-12,WO,0,0
,122,2025-01-13,P,8,1
,122,2025-01-14,P,8,0
,122,2025-01-15,P,8,0
,122,2025-01-16,P,8,2
,122,2025-01-17,P,8,2
,122,2025-01-18,A,0,0
,122,2025-01-19,P,8,0
,122,2025-01-20,P,8,0
,122,2025-01-21,WO,0,0
,122,2025-01-22,P,8,1
,122,2025-01-23,P,8,0
,122,2025-01-24,P,8,0
,122,2025-01-25,P,8,0
,122,2025-01-26,P,8,0
,122,2025-01-27,P,8,2
,122,2025-01-28,P,8,0
,122,2025-01-29,P,8,0
,122,2025-01-30,WO,0,0
,122,2025-01-31,P,8,0
,122,2025-02-01,P,8,0
,122,2025-02-02,P,8,0
,122,2025-02-03,P,8,0
,122,2025-02-04,P,8,2
,122,2025-02-05,P,8,0
,122,2025-02-06,P,8,2
,122,2025-02-07,P,8,2
,122,2025-02-08,P,8,1
,122,2025-02-09,P,8,0
,122,2025-02-10,P,8,1
,122,2025-02-11,P,8,1
,122,2025-02-12,P,8,0
,122,2025-02-13,P,8,0
,122,2025-02-14,P,8,0
,122,2025-02-15,L,0,0
,122,2025-02-16,P,8,0
,122,2025-02-17,P,8,2
,122,2025-02-18,P,8,0
,122,2025-02-19,WO,0,0
,122,2025-02-20,P,8,0
,122,2025-02-21,P,8,0
,122,2025-02-22,P,8,1
,122,2025-02-23,P,8,2
,122,2025-02-24,P,8,0
,122,2025-02-25,P,8,0
,122,2025-02-26,P,8,1
,122,2025-02-27,P,8,0
,122,2025-02-28,P,8,0
,122,2025-03-01,P,8,0
,122,2025-03-02,P,8,2
,122,2025-03-03,P,8,0
,122,2025-03-04,P,8,0
,122,2025-03-05,P,8,2
,122,2025-03-06,A,0,0
,122,2025-03-07,P,8,0
,122,2025-03-08,P,8,1
,122,2025-03-09,P,8,0
,122,2025-03-10,P,8,0
,122,2025-03-11,P,8,2
,122,2025-03-12,P,8,0
,122,2025-03-13,P,8,2
,122,2025-03-14,L,0,0
,122,2025-03-15,P,8,1
,122,2025-03-16,P,8,0
,122,2025-03-17,P,8,0
,122,2025-03-18,P,8,0
,122,2025-03-19,P,8,2
,122,2025-03-20,P,8,0
,122,2025-03-21,P,8,1
,122,2025-03-22,P,8,0
,122,2025-03-23,L,0,0
,122,2025-03-24,P,8,0
,122,2025-03-25,A,0,0
,122,2025-03-26,P,8,0
,122,2025-03-27,P,8,0
,122,2025-03-28,P,8,0
,122,2025-03-29,P,8,0
,122,2025-03-30,P,8,0
,122,2025-03-31,P,8,2
,123,2025-01-01,P,8,0
,123,2025-01-02,WO,0,0
,123,2025-01-03,P,8,0
,123,2025-01-04,P,8,0
,123,2025-01-05,P,8,0
,123,2025-01-06,P,8,0
,123,2025-01-07,WO,0,0
,123,2025-01-08,P,8,2
,123,2025-01-09,P,8,1
,123,2025-01-10,P,8,0
,123,2025-01-11,P,8,0
,123,2025-01-12,P,8,2
,123,2025-01-13,A,0,0
,123,2025-01-14,P,8,0
,123,2025-01-15,P,8,0
,123,2025-01-16,P,8,1
,123,2025-01-17,L,0,0
,123,2025-01-18,P,8,0
,123,2025-01-19,P,8,0
,123,2025-01-20,P,8,0
,123,2025-01-21,WO,0,0
,123,2025-01-22,P,8,0
,123,2025-01-23,WO,0,0
,123,2025-01-24,P,8,0
,123,2025-01-25,P,8,0
,123,2025-01-26,P,8,1
,123,2025-01-27,P,8,0
,123,2025-01-28,A,0,0
,123,2025-01-29,P,8,0
,123,2025-01-30,P,8,0
,123,2025-01-31,P,8,1
,123,2025-02-01,WO,0,0
,123,2025-02-02,P,8,0
,123,2025-02-03,P,8,0
,123,2025-02-04,P,8,2
,123,2025-02-05,P,8,0
,123,2025-02-06,P,8,2
,123,2025-02-07,P,8,2
,123,2025-02-08,P,8,0
,123,2025-02-09,P,8,0
,123,2025-02-10,P,8,0
,123,2025-02-11,P,8,0
,123,2025-02-12,P,8,0
,123,2025-02-13,P,8,0
,123,2025-02-14,P,8,0
,123,2025-02-15,P,8,0
,123,2025-02-16,P,8,0
,123,2025-02-17,P,8,0
,123,2025-02-18,P,8,0
,123,2025-02-19,P,8,0
,123,2025-02-20,P,8,0
,123,2025-02-21,P,8,0
,123,2025-02-22,P,8,2
,123,2025-02-23,P,8,1
,123,2025-02-24,P,8,0
,123,2025-02-25,P,8,0
,123,2025-02-26,P,8,0
,123,2025-02-27,WO,0,0
,123,2025-02-28,P,8,1
,123,2025-03-01,P,8,0
,123,2025-03-02,P,8,0
,123,2025-03-03,A,0,0
,123,2025-03-04,P,8,0
,123,2025-03-05,A,0,0
,123,2025-03-06,P,8,3
,123,2025-03-07,P,8,0
,123,2025-03-08,P,8,0
,123,2025-03-09,P,8,0
,123,2025-03-10,WO,0,0
,123,2025-03-11,P,8,0
,123,2025-03-12,P,8,0
,123,2025-03-13,P,8,0
,123,2025-03-14,P,8,0
,123,2025-03-15,P,8,3
,123,2025-03-16,P,8,0
,123,2025-03-17,P,8,0
,123,2025-03-18,P,8,0
,123,2025-03-19,P,8,0
,123,2025-03-20,P,8,3
,123,2025-03-21,P,8,0
,123,2025-03-22,P,8,0
,123,2025-03-23,P,8,0
,123,2025-03-24,P,8,0
,123,2025-03-25,P,8,0
,123,2025-03-26,P,8,0
,123,2025-03-27,P,8,0
,123,2025-03-28,P,8,0
,123,2025-03-29,P,8,0
,123,2025-03-30,P,8,1
,123,2025-03-31,P,8,0
,124,2025-01-01,P,8,0
,124,2025-01-02,P,8,0
,124,2025-01-03,L,0,0
,124,2025-01-04,P,8,0
,124,2025-01-05,WO,0,0
,124,2025-01-06,WO,0,0
,124,2025-01-07,P,8,0
,124,2025-01-08,P,8,0
,124,2025-01-09,P,8,0
,124,2025-01-10,P,8,2
,124,2025-01-11,P,8,0
,124,2025-01-12,P,8,0
,124,2025-01-13,P,8,0
,124,2025-01-14,P,8,1
,124,2025-01-15,P,8,3
,124,2025-01-16,P,8,0
,124,2025-01-17,P,8,0
,124,2025-01-18,P,8,0
,124,2025-01-19,A,0,0
,124,2025-01-20,A,0,0
,124,2025-01-21,P,8,1
,124,2025-01-22,P,8,1
,124,2025-01-23,P,8,0
,124,2025-01-24,A,0,0
,124,2025-01-25,P,8,1
,124,2025-01-26,P,8,0
,124,2025-01-27,P,8,0
,124,2025-01-28,P,8,1
,124,2025-01-29,P,8,1
,124,2025-01-30,WO,0,0
,124,2025-01-31,P,8,2
,124,2025-02-01,L,0,0
,124,2025-02-02,P,8,1
,124,2025-02-03,L,0,0
,124,2025-02-04,P,8,0
,124,2025-02-05,A,0,0
,124,2025-02-06,P,8,0
,124,2025-02-07,P,8,1
,124,2025-02-08,P,8,2
,124,2025-02-09,P,8,0
,124,2025-02-10,P,8,0
,124,2025-02-11,P,8,2
,124,2025-02-12,A,0,0
,124,2025-02-13,P,8,0
,124,2025-02-14,A,0,0
,124,2025-02-15,WO,0,0
,124,2025-02-16,P,8,0
,124,2025-02-17,P,8,2
,124,2025-02-18,P,8,0
,124,2025-02-19,P,8,2
,124,2025-02-20,P,8,0
,124,2025-02-21,P,8,0
,124,2025-02-22,P,8,1
,124,2025-02-23,WO,0,0
,124,2025-02-24,A,0,0
,124,2025-02-25,WO,0,0
,124,2025-02-26,P,8,1
,124,2025-02-27,P,8,0
,124,2025-02-28,L,0,0
,124,2025-03-01,P,8,0
,124,2025-03-02,P,8,0
,124,2025-03-03,P,8,1
,124,2025-03-04,L,0,0
,124,2025-03-05,P,8,0
,124,2025-03-06,P,8,2
,124,2025-03-07,P,8,0
,124,2025-03-08,P,8,0
,124,2025-03-09,P,8,2
,124,2025-03-10,P,8,0
,124,2025-03-11,P,8,1
,124,2025-03-12,P,8,0
,124,2025-03-13,P,8,0
,124,2025-03-14,A,0,0
,124,2025-03-15,P,8,3
,124,2025-03-16,P,8,1
,124,2025-03-17,P,8,1
,124,2025-03-18,P,8,0
,124,2025-03-19,P,8,0
,124,2025-03-20,P,8,0
,124,2025-03-21,P,8,0
,124,2025-03-22,P,8,0
,124,2025-03-23,P,8,0
,124,2025-03-24,A,0,0
,124,2025-03-25,L,0,0
,124,2025-03-26,P,8,0
,124,2025-03-27,P,8,0
,124,2025-03-28,WO,0,0
,124,2025-03-29,P,8,0
,124,2025-03-30,P,8,0
,124,2025-03-31,P,8,0
,125,2025-01-01,L,0,0
,125,2025-01-02,P,8,0
,125,2025-01-03,WO,0,0
,125,2025-01-04,P,8,2
,125,2025-01-05,L,0,0
,125,2025-01-06,P,8,1
,125,2025-01-07,P,8,2
,125,2025-01-08,P,8,1
,125,2025-01-09,WO,0,0
,125,2025-01-10,L,0,0
,125,2025-01-11,A,0,0
,125,2025-01-12,P,8,3
,125,2025-01-13,P,8,2
,125,2025-01-14,P,8,0
,125,2025-01-15,P,8,0
,125,2025-01-16,P,8,0
,125,2025-01-17,P,8,0
,125,2025-01-18,A,0,0
,125,2025-01-19,P,8,0
,125,2025-01-20,P,8,0
,125,2025-01-21,P,8,0
,125,2025-01-22,P,8,2
,125,2025-01-23,WO,0,0
,125,2025-01-24,P,8,3
,125,2025-01-25,P,8,0
,125,2025-01-26,P,8,0
,125,2025-01-27,P,8,0
,125,2025-01-28,P,8,1
,125,2025-01-29,P,8,0
,125,2025-01-30,P,8,0
,125,2025-01-31,P,8,0
,125,2025-02-01,WO,0,0
,125,2025-02-02,P,8,0
,125,2025-02-03,P,8,0
,125,2025-02-04,P,8,0
,125,2025-02-05,P,8,0
,125,2025-02-06,P,8,0
,125,2025-02-07,P,8,0
,125,2025-02-08,P,8,0
,125,2025-02-09,P,8,0
,125,2025-02-10,P,8,0
,125,2025-02-11,WO,0,0
,125,2025-02-12,P,8,2
,125,2025-02-13,P,8,0
,125,2025-02-14,P,8,0
,125,2025-02-15,P,8,0
,125,2025-02-16,P,8,0
,125,2025-02-17,P,8,2
,125,2025-02-18,P,8,0
,125,2025-02-19,P,8,0
,125,2025-02-20,P,8,3
,125,2025-02-21,P,8,0
,125,2025-02-22,P,8,1
,125,2025-02-23,P,8,0
,125,2025-02-24,L,0,0
,125,2025-02-25,P,8,2
,125,2025-02-26,P,8,1
,125,2025-02-27,P,8,0
,125,2025-02-28,WO,0,0
,125,2025-03-01,P,8,0
,125,2025-03-02,P,8,0
,125,2025-03-03,P,8,0
,125,2025-03-04,P,8,0
,125,2025-03-05,P,8,0
,125,2025-03-06,P,8,2
,125,2025-03-07,A,0,0
,125,2025-03-08,P,8,0
,125,2025-03-09,P,8,0
,125,2025-03-10,P,8,0
,125,2025-03-11,P,8,2
,125,2025-03-12,P,8,0
,125,2025-03-13,P,8,0
,125,2025-03-14,WO,0,0
,125,2025-03-15,P,8,0
,125,2025-03-16,P,8,0
,125,2025-03-17,P,8,1
,125,2025-03-18,A,0,0
,125,2025-03-19,P,8,0
,125,2025-03-20,A,0,0
,125,2025-03-21,P,8,0
,125,2025-03-22,P,8,0
,125,2025-03-23,P,8,1
,125,2025-03-24,P,8,0
,125,2025-03-25,P,8,2
,125,2025-03-26,L,0,0
,125,2025-03-27,WO,0,0
,125,2025-03-28,P,8,0
,125,2025-03-29,P,8,0
,125,2025-03-30,P,8,0
,125,2025-03-31,P,8,3
,126,2025-01-01,P,8,0
,126,2025-01-02,P,8,2
,126,2025-01-03,P,8,1
,126,2025-01-04,WO,0,0
,126,2025-01-05,P,8,0
,126,2025-01-06,P,8,0
,126,2025-01-07,P,8,0
,126,2025-01-08,WO,0,0
,126,2025-01-09,L,0,0
,126,2025-01-10,P,8,1
,126,2025-01-11,P,8,0
,126,2025-01-12,P,8,0
,126,2025-01-13,P,8,0
,126,2025-01-14,WO,0,0
,126,2025-01-15,P,8,0
,126,2025-01-16,P,8,0
,126,2025-01-17,P,8,0
,126,2025-01-18,P,8,0
,126,2025-01-19,P,8,0
,126,2025-01-20,P,8,3
,126,2025-01-21,P,8,3
,126,2025-01-22,P,8,3
,126,2025-01-23,P,8,0
,126,2025-01-24,P,8,0
,126,2025-01-25,P,8,0
,126,2025-01-26,P,8,0
,126,2025-01-27,P,8,1
,126,2025-01-28,P,8,0
,126,2025-01-29,P,8,1
,126,2025-01-30,P,8,0
,126,2025-01-31,L,0,0
,126,2025-02-01,P,8,0
,126,2025-02-02,P,8,1
,126,2025-02-03,P,8,0
,126,2025-02-04,P,8,1
,126,2025-02-05,P,8,1
,126,2025-02-06,P,8,0
,126,2025-02-07,P,8,0
,126,2025-02-08,L,0,0
,126,2025-02-09,WO,0,0
,126,2025-02-10,P,8,0
,126,2025-02-11,P,8,0
,126,2025-02-12,P,8,0
,126,2025-02-13,P,8,1
,126,2025-02-14,L,0,0
,126,2025-02-15,P,8,1
,126,2025-02-16,P,8,0
,126,2025-02-17,P,8,0
,126,2025-02-18,P,8,0
,126,2025-02-19,P,8,1
,126,2025-02-20,P,8,2
,126,2025-02-21,P,8,0
,126,2025-02-22,P,8,0
,126,2025-02-23,P,8,0
,126,2025-02-24,P,8,1
,126,2025-02-25,P,8,0
,126,2025-02-26,P,8,0
,126,2025-02-27,P,8,1
,126,2025-02-28,P,8,0
,126,2025-03-01,P,8,0
,126,2025-03-02,P,8,0
,126,2025-03-03,WO,0,0
,126,2025-03-04,P,8,0
,126,2025-03-05,P,8,0
,126,2025-03-06,P,8,2
,126,2025-03-07,P,8,0
,126,2025-03-08,P,8,0
,126,2025-03-09,P,8,0
,126,2025-03-10,P,8,0
,126,2025-03-11,P,8,0
,126,2025-03-12,P,8,0
,126,2025-03-13,P,8,0
,126,2025-03-14,P,8,0
,126,2025-03-15,P,8,0
,126,2025-03-16,P,8,1
,126,2025-03-17,P,8,0
,126,2025-03-18,P,8,0
,126,2025-03-19,P,8,0
,126,2025-03-20,P,8,0
,126,2025-03-21,P,8,0
,126,2025-03-22,P,8,0
,126,2025-03-23,A,0,0
,126,2025-03-24,P,8,1
,126,2025-03-25,P,8,1
,126,2025-03-26,P,8,0
,126,2025-03-27,P,8,0
,126,2025-03-28,P,8,2
,126,2025-03-29,P,8,0
,126,2025-03-30,P,8,0
,126,2025-03-31,P,8,1
,127,2025-01-01,P,8,1
,127,2025-01-02,WO,0,0
,127,2025-01-03,A,0,0
,127,2025-01-04,P,8,1
,127,2025-01-05,P,8,0
,127,2025-01-06,P,8,0
,127,2025-01-07,P,8,0
,127,2025-01-08,P,8,2
,127,2025-01-09,P,8,0
,127,2025-01-10,P,8,0
,127,2025-01-11,WO,0,0
,127,2025-01-12,P,8,0
,127,2025-01-13,P,8,2
,127,2025-01-14,P,8,1
,127,2025-01-15,P,8,0
,127,2025-01-16,P,8,2
,127,2025-01-17,P,8,0
,127,2025-01-18,P,8,0
,127,2025-01-19,P,8,3
,127,2025-01-20,P,8,0
,127,2025-01-21,P,8,0
,127,2025-01-22,P,8,0
,127,2025-01-23,P,8,0
,127,2025-01-24,P,8,0
,127,2025-01-25,P,8,2
,127,2025-01-26,A,0,0
,127,2025-01-27,A,0,0
,127,2025-01-28,P,8,0
,127,2025-01-29,P,8,0
,127,2025-01-30,P,8,0
,127,2025-01-31,P,8,1
,127,2025-02-01,WO,0,0
,127,2025-02-02,P,8,1
,127,2025-02-03,P,8,0
,127,2025-02-04,P,8,0
,127,2025-02-05,WO,0,0
,127,2025-02-06,WO,0,0
,127,2025-02-07,P,8,0
,127,2025-02-08,WO,0,0
,127,2025-02-09,P,8,2
,127,2025-02-10,P,8,0
,127,2025-02-11,P,8,0
,127,2025-02-12,P,8,0
,127,2025-02-13,P,8,0
,127,2025-02-14,P,8,0
,127,2025-02-15,P,8,0
,127,2025-02-16,P,8,2
,127,2025-02-17,WO,0,0
,127,2025-02-18,P,8,1
,127,2025-02-19,A,0,0
,127,2025-02-20,L,0,0
,127,2025-02-21,P,8,0
,127,2025-02-22,P,8,0
,127,2025-02-23,P,8,0
,127,2025-02-24,WO,0,0
,127,2025-02-25,L,0,0
,127,2025-02-26,P,8,0
,127,2025-02-27,P,8,1
,127,2025-02-28,P,8,0
,127,2025-03-01,P,8,0
,127,2025-03-02,P,8,0
,127,2025-03-03,P,8,3
,127,2025-03-04,WO,0,0
,127,2025-03-05,WO,0,0
,127,2025-03-06,P,8,0
,127,2025-03-07,P,8,2
,127,2025-03-08,P,8,0
,127,2025-03-09,P,8,0
,127,2025-03-10,P,8,0
,127,2025-03-11,P,8,0
,127,2025-03-12,WO,0,0
,127,2025-03-13,P,8,0
,127,2025-03-14,P,8,2
,127,2025-03-15,P,8,3
,127,2025-03-16,P,8,3
,127,2025-03-17,WO,0,0
,127,2025-03-18,P,8,0
,127,2025-03-19,P,8,0
,127,2025-03-20,P,8,0
,127,2025-03-21,P,8,0
,127,2025-03-22,P,8,0
,127,2025-03-23,P,8,0
,127,2025-03-24,P,8,0
,127,2025-03-25,WO,0,0
,127,2025-03-26,P,8,0
,127,2025-03-27,P,8,1
,127,2025-03-28,WO,0,0
,127,2025-03-29,WO,0,0
,127,2025-03-30,P,8,0
,127,2025-03-31,P,8,0
,128,2025-01-01,WO,0,0
,128,2025-01-02,P,8,1
,128,2025-01-03,P,8,1
,128,2025-01-04,P,8,0
,128,2025-01-05,P,8,0
,128,2025-01-06,P,8,2
,128,2025-01-07,P,8,0
,128,2025-01-08,P,8,0
,128,2025-01-09,A,0,0
,128,2025-01-10,P,8,1
,128,2025-01-11,WO,0,0
,128,2025-01-12,P,8,0
,128,2025-01-13,P,8,0
,128,2025-01-14,P,8,0
,128,2025-01-15,P,8,1
,128,2025-01-16,P,8,1
,128,2025-01-17,WO,0,0
,128,2025-01-18,P,8,0
,128,2025-01-19,P,8,0
,128,2025-01-20,P,8,0
,128,2025-01-21,P,8,1
,128,2025-01-22,P,8,1
,128,2025-01-23,WO,0,0
,128,2025-01-24,P,8,0
,128,2025-01-25,P,8,0
,128,2025-01-26,P,8,1
,128,2025-01-27,P,8,0
,128,2025-01-28,P,8,1
,128,2025-01-29,WO,0,0
,128,2025-01-30,P,8,2
,128,2025-01-31,P,8,0
,128,2025-02-01,WO,0,0
,128,2025-02-02,P,8,3
,128,2025-02-03,P,8,0
,128,2025-02-04,WO,0,0
,128,2025-02-05,P,8,3
,128,2025-02-06,L,0,0
,128,2025-02-07,P,8,0
,128,2025-02-08,P,8,0
,128,2025-02-09,P,8,0
,128,2025-02-10,P,8,0
,128,2025-02-11,L,0,0
,128,2025-02-12,A,0,0
,128,2025-02-13,P,8,0
,128,2025-02-14,A,0,0
,128,2025-02-15,P,8,1
,128,2025-02-16,L,0,0
,128,2025-02-17,P,8,0
,128,2025-02-18,A,0,0
,128,2025-02-19,WO,0,0
,128,2025-02-20,P,8,0
,128,2025-02-21,P,8,0
,128,2025-02-22,P,8,0
,128,2025-02-23,WO,0,0
,128,2025-02-24,P,8,0
,128,2025-02-25,P,8,1
,128,2025-02-26,P,8,0
,128,2025-02-27,P,8,0
,128,2025-02-28,P,8,1
,128,2025-03-01,P,8,0
,128,2025-03-02,A,0,0
,128,2025-03-03,L,0,0
,128,2025-03-04,P,8,0
,128,2025-03-05,WO,0,0
,128,2025-03-06,L,0,0
,128,2025-03-07,P,8,0
,128,2025-03-08,P,8,1
,128,2025-03-09,P,8,0
,128,2025-03-10,A,0,0
,128,2025-03-11,P,8,0
,128,2025-03-12,P,8,0
,128,2025-03-13,P,8,1
,128,2025-03-14,P,8,0
,128,2025-03-15,L,0,0
,128,2025-03-16,P,8,0
,128,2025-03-17,L,0,0
,128,2025-03-18,P,8,0
,128,2025-03-19,WO,0,0
,128,2025-03-20,P,8,1
,128,2025-03-21,P,8,1
,128,2025-03-22,P,8,0
,128,2025-03-23,P,8,0
,128,2025-03-24,P,8,0
,128,2025-03-25,P,8,0
,128,2025-03-26,P,8,1
,128,2025-03-27,A,0,0
,128,2025-03-28,P,8,2
,128,2025-03-29,A,0,0
,128,2025-03-30,P,8,0
,128,2025-03-31,WO,0,0
,129,2025-01-01,P,8,1
,129,2025-01-02,P,8,0
,129,2025-01-03,P,8,0
,129,2025-01-04,L,0,0
,129,2025-01-05,P,8,0
,129,2025-01-06,WO,0,0
,129,2025-01-07,P,8,0
,129,2025-01-08,P,8,1
,129,2025-01-09,P,8,0
,129,2025-01-10,P,8,0
,129,2025-01-11,P,8,0
,129,2025-01-12,P,8,0
,129,2025-01-13,P,8,0
,129,2025-01-14,WO,0,0
,129,2025-01-15,P,8,0
,129,2025-01-16,P,8,0
,129,2025-01-17,P,8,0
,129,2025-01-18,P,8,0
,129,2025-01-19,A,0,0
,129,2025-01-20,P,8,0
,129,2025-01-21,A,0,0
,129,2025-01-22,P,8,0
,129,2025-01-23,P,8,0
,129,2025-01-24,P,8,0
,129,2025-01-25,P,8,0
,129,2025-01-26,P,8,2
,129,2025-01-27,P,8,0
,129,2025-01-28,P,8,0
,129,2025-01-29,WO,0,0
,129,2025-01-30,P,8,0
,129,2025-01-31,P,8,0
,129,2025-02-01,P,8,0
,129,2025-02-02,P,8,0
,129,2025-02-03,P,8,2
,129,2025-02-04,P,8,0
,129,2025-02-05,P,8,0
,129,2025-02-06,P,8,1
,129,2025-02-07,P,8,2
,129,2025-02-08,P,8,0
,129,2025-02-09,P,8,0
,129,2025-02-10,P,8,1
,129,2025-02-11,A,0,0
,129,2025-02-12,L,0,0
,129,2025-02-13,P,8,0
,129,2025-02-14,P,8,0
,129,2025-02-15,P,8,1
,129,2025-02-16,P,8,0
,129,2025-02-17,P,8,0
,129,2025-02-18,P,8,0
,129,2025-02-19,P,8,0
,129,2025-02-20,P,8,0
,129,2025-02-21,P,8,0
,129,2025-02-22,P,8,0
,129,2025-02-23,P,8,0
,129,2025-02-24,P,8,0
,129,2025-02-25,P,8,1
,129,2025-02-26,P,8,3
,129,2025-02-27,P,8,0
,129,2025-02-28,P,8,0
,129,2025-03-01,P,8,0
,129,2025-03-02,P,8,0
,129,2025-03-03,P,8,0
,129,2025-03-04,P,8,0
,129,2025-03-05,P,8,2
,129,2025-03-06,WO,0,0
,129,2025-03-07,P,8,1
,129,2025-03-08,WO,0,0
,129,2025-03-09,P,8,0
,129,2025-03-10,WO,0,0
,129,2025-03-11,P,8,0
,129,2025-03-12,P,8,0
,129,2025-03-13,A,0,0
,129,2025-03-14,P,8,0
,129,2025-03-15,P,8,0
,129,2025-03-16,P,8,0
,129,2025-03-17,WO,0,0
,129,2025-03-18,P,8,0
,129,2025-03-19,P,8,0
,129,2025-03-20,A,0,0
,129,2025-03-21,P,8,1
,129,2025-03-22,P,8,0
,129,2025-03-23,P,8,0
,129,2025-03-24,P,8,1
,129,2025-03-25,P,8,2
,129,2025-03-26,P,8,0
,129,2025-03-27,P,8,0
,129,2025-03-28,P,8,0
,129,2025-03-29,P,8,1
,129,2025-03-30,P,8,1
,129,2025-03-31,A,0,0
,130,2025-01-01,P,8,0
,130,2025-01-02,P,8,1
,130,2025-01-03,P,8,2
,130,2025-01-04,P,8,0
,130,2025-01-05,P,8,1
,130,2025-01-06,P,8,0
,130,2025-01-07,P,8,0
,130,2025-01-08,P,8,0
,130,2025-01-09,P,8,0
,130,2025-01-10,P,8,1
,130,2025-01-11,P,8,1
,130,2025-01-12,P,8,0
,130,2025-01-13,WO,0,0
,130,2025-01-14,P,8,1
,130,2025-01-15,P,8,0
,130,2025-01-16,WO,0,0
,130,2025-01-17,P,8,0
,130,2025-01-18,P,8,1
,130,2025-01-19,WO,0,0
,130,2025-01-20,P,8,2
,130,2025-01-21,P,8,0
,130,2025-01-22,P,8,0
,130,2025-01-23,P,8,0
,130,2025-01-24,P,8,0
,130,2025-01-25,P,8,0
,130,2025-01-26,P,8,1
,130,2025-01-27,P,8,0
,130,2025-01-28,A,0,0
,130,2025-01-29,P,8,0
,130,2025-01-30,A,0,0
,130,2025-01-31,P,8,3
,130,2025-02-01,P,8,1
,130,2025-02-02,P,8,0
,130,2025-02-03,P,8,1
,130,2025-02-04,P,8,2
,130,2025-02-05,P,8,0
,130,2025-02-06,P,8,0
,130,2025-02-07,WO,0,0
,130,2025-02-08,P,8,0
,130,2025-02-09,P,8,0
,130,2025-02-10,WO,0,0
,130,2025-02-11,P,8,0
,130,2025-02-12,L,0,0
,130,2025-02-13,WO,0,0
,130,2025-02-14,P,8,0
,130,2025-02-15,P,8,0
,130,2025-02-16,A,0,0
,130,2025-02-17,P,8,0
,130,2025-02-18,P,8,0
,130,2025-02-19,P,8,0
,130,2025-02-20,P,8,0
,130,2025-02-21,P,8,0
,130,2025-02-22,P,8,0
,130,2025-02-23,P,8,0
,130,2025-02-24,P,8,0
,130,2025-02-25,P,8,2
,130,2025-02-26,P,8,0
,130,2025-02-27,WO,0,0
,130,2025-02-28,P,8,0
,130,2025-03-01,P,8,2
,130,2025-03-02,P,8,0
,130,2025-03-03,P,8,1
,130,2025-03-04,P,8,0
,130,2025-03-05,P,8,1
,130,2025-03-06,P,8,0
,130,2025-03-07,A,0,0
,130,2025-03-08,P,8,0
,130,2025-03-09,P,8,0
,130,2025-03-10,P,8,0
,130,2025-03-11,P,8,0
,130,2025-03-12,P,8,2
,130,2025-03-13,L,0,0
,130,2025-03-14,P,8,0
,130,2025-03-15,P,8,1
,130,2025-03-16,P,8,3
,130,2025-03-17,P,8,3
,130,2025-03-18,A,0,0
,130,2025-03-19,A,0,0
,130,2025-03-20,P,8,0
,130,2025-03-21,P,8,0
,130,2025-03-22,P,8,0
,130,2025-03-23,P,8,0
,130,2025-03-24,P,8,0
,130,2025-03-25,L,0,0
,130,2025-03-26,P,8,0
,130,2025-03-27,P,8,1
,130,2025-03-28,P,8,0
,130,2025-03-29,P,8,0
,130,2025-03-30,P,8,2
,130,2025-03-31,L,0,0
,131,2025-01-01,P,8,0
,131,2025-01-02,P,8,0
,131,2025-01-03,P,8,0
,131,2025-01-04,L,0,0
,131,2025-01-05,WO,0,0
,131,2025-01-06,P,8,0
,131,2025-01-07,P,8,0
,131,2025-01-08,P,8,0
,131,2025-01-09,WO,0,0
,131,2025-01-10,P,8,0
,131,2025-01-11,P,8,0
,131,2025-01-12,P,8,0
,131,2025-01-13,P,8,0
,131,2025-01-14,P,8,2
,131,2025-01-15,P,8,0
,131,2025-01-16,P,8,0
,131,2025-01-17,P,8,3
,131,2025-01-18,WO,0,0
,131,2025-01-19,P,8,0
,131,2025-01-20,P,8,0
,131,2025-01-21,P,8,0
,131,2025-01-22,P,8,0
,131,2025-01-23,P,8,2
,131,2025-01-24,P,8,1
,131,2025-01-25,P,8,1
,131,2025-01-26,P,8,0
,131,2025-01-27,WO,0,0
,131,2025-01-28,P,8,0
,131,2025-01-29,P,8,1
,131,2025-01-30,P,8,2
,131,2025-01-31,P,8,0
,131,2025-02-01,P,8,0
,131,2025-02-02,WO,0,0
,131,2025-02-03,L,0,0
,131,2025-02-04,P,8,0
,131,2025-02-05,P,8,1
,131,2025-02-06,WO,0,0
,131,2025-02-07,P,8,0
,131,2025-02-08,P,8,1
,131,2025-02-09,P,8,0
,131,2025-02-10,P,8,1
,131,2025-02-11,P,8,0
,131,2025-02-12,P,8,0
,131,2025-02-13,P,8,3
,131,2025-02-14,P,8,0
,131,2025-02-15,P,8,0
,131,2025-02-16,A,0,0
,131,2025-02-17,P,8,0
,131,2025-02-18,P,8,0
,131,2025-02-19,P,8,0
,131,2025-02-20,P,8,1
,131,2025-02-21,P,8,0
,131,2025-02-22,L,0,0
,131,2025-02-23,P,8,1
,131,2025-02-24,P,8,0
,131,2025-02-25,P,8,0
,131,2025-02-26,P,8,2
,131,2025-02-27,P,8,0
,131,2025-02-28,P,8,0
,131,2025-03-01,P,8,0
,131,2025-03-02,P,8,3
,131,2025-03-03,P,8,0
,131,2025-03-04,WO,0,0
,131,2025-03-05,P,8,0
,131,2025-03-06,WO,0,0
,131,2025-03-07,P,8,2
,131,2025-03-08,P,8,0
,131,2025-03-09,WO,0,0
,131,2025-03-10,P,8,0
,131,2025-03-11,P,8,3
,131,2025-03-12,A,0,0
,131,2025-03-13,P,8,0
,131,2025-03-14,A,0,0
,131,2025-03-15,P,8,0
,131,2025-03-16,P,8,0
,131,2025-03-17,P,8,0
,131,2025-03-18,P,8,2
,131,2025-03-19,P,8,1
,131,2025-03-20,P,8,0
,131,2025-03-21,P,8,1
,131,2025-03-22,P,8,2
,131,2025-03-23,P,8,0
,131,2025-03-24,P,8,2
,131,2025-03-25,P,8,0
,131,2025-03-26,P,8,0
,131,2025-03-27,P,8,0
,131,2025-03-28,WO,0,0
,131,2025-03-29,L,0,0
,131,2025-03-30,P,8,2
,131,2025-03-31,P,8,0
,132,2025-01-01,P,8,0
,132,2025-01-02,A,0,0
,132,2025-01-03,P,8,0
,132,2025-01-04,P,8,0
,132,2025-01-05,P,8,0
,132,2025-01-06,P,8,2
,132,2025-01-07,A,0,0
,132,2025-01-08,P,8,2
,132,2025-01-09,P,8,0
,132,2025-01-10,P,8,0
,132,2025-01-11,P,8,1
,132,2025-01-12,P,8,1
,132,2025-01-13,P,8,1
,132,2025-01-14,P,8,0
,132,2025-01-15,P,8,0
,132,2025-01-16,P,8,1
,132,2025-01-17,P,8,1
,132,2025-01-18,P,8,2
,132,2025-01-19,P,8,0
,132,2025-01-20,WO,0,0
,132,2025-01-21,P,8,0
,132,2025-01-22,P,8,0
,132,2025-01-23,P,8,1
,132,2025-01-24,P,8,0
,132,2025-01-25,P,8,0
,132,2025-01-26,P,8,1
,132,2025-01-27,P,8,2
,132,2025-01-28,P,8,0
,132,2025-01-29,P,8,0
,132,2025-01-30,P,8,0
,132,2025-01-31,A,0,0
,132,2025-02-01,P,8,1
,132,2025-02-02,P,8,2
,132,2025-02-03,P,8,0
,132,2025-02-04,P,8,0
,132,2025-02-05,P,8,0
,132,2025-02-06,P,8,1
,132,2025-02-07,P,8,0
,132,2025-02-08,A,0,0
,132,2025-02-09,P,8,0
,132,2025-02-10,P,8,0
,132,2025-02-11,L,0,0
,132,2025-02-12,P,8,0
,132,2025-02-13,P,8,1
,132,2025-02-14,P,8,0
,132,2025-02-15,WO,0,0
,132,2025-02-16,P,8,0
,132,2025-02-17,P,8,0
,132,2025-02-18,P,8,0
,132,2025-02-19,WO,0,0
,132,2025-02-20,P,8,1
,132,2025-02-21,P,8,1
,132,2025-02-22,P,8,0
,132,2025-02-23,P,8,0
,132,2025-02-24,WO,0,0
,132,2025-02-25,WO,0,0
,132,2025-02-26,P,8,0
,132,2025-02-27,P,8,1
,132,2025-02-28,P,8,0
,132,2025-03-01,P,8,0
,132,2025-03-02,P,8,0
,132,2025-03-03,P,8,0
,132,2025-03-04,P,8,0
,132,2025-03-05,L,0,0
,132,2025-03-06,P,8,0
,132,2025-03-07,P,8,2
,132,2025-03-08,P,8,0
,132,2025-03-09,WO,0,0
,132,2025-03-10,A,0,0
,132,2025-03-11,L,0,0
,132,2025-03-12,WO,0,0
,132,2025-03-13,WO,0,0
,132,2025-03-14,P,8,0
,132,2025-03-15,P,8,0
,132,2025-03-16,P,8,0
,132,2025-03-17,P,8,0
,132,2025-03-18,P,8,0
,132,2025-03-19,P,8,1
,132,2025-03-20,P,8,0
,132,2025-03-21,P,8,0
,132,2025-03-22,P,8,0
,132,2025-03-23,P,8,2
,132,2025-03-24,P,8,0
,132,2025-03-25,P,8,0
,132,2025-03-26,P,8,0
,132,2025-03-27,P,8,0
,132,2025-03-28,P,8,0
,132,2025-03-29,P,8,2
,132,2025-03-30,P,8,0
,132,2025-03-31,P,8,0
,133,2025-01-01,P,8,0
,133,2025-01-02,A,0,0
,133,2025-01-03,P,8,1
,133,2025-01-04,P,8,2
,133,2025-01-05,P,8,0
,133,2025-01-06,P,8,0
,133,2025-01-07,L,0,0
,133,2025-01-08,P,8,0
,133,2025-01-09,P,8,0
,133,2025-01-10,P,8,0
,133,2025-01-11,P,8,2
,133,2025-01-12,P,8,0
,133,2025-01-13,P,8,0
,133,2025-01-14,P,8,0
,133,2025-01-15,P,8,0
,133,2025-01-16,WO,0,0
,133,2025-01-17,P,8,0
,133,2025-01-18,A,0,0
,133,2025-01-19,L,0,0
,133,2025-01-20,P,8,0
,133,2025-01-21,P,8,2
,133,2025-01-22,WO,0,0
,133,2025-01-23,P,8,0
,133,2025-01-24,P,8,1
,133,2025-01-25,P,8,0
,133,2025-01-26,L,0,0
,133,2025-01-27,P,8,0
,133,2025-01-28,P,8,0
,133,2025-01-29,P,8,0
,133,2025-01-30,P,8,2
,133,2025-01-31,P,8,0
,133,2025-02-01,P,8,1
,133,2025-02-02,P,8,0
,133,2025-02-03,P,8,0
,133,2025-02-04,P,8,0
,133,2025-02-05,A,0,0
,133,2025-02-06,WO,0,0
,133,2025-02-07,P,8,1
,133,2025-02-08,WO,0,0
,133,2025-02-09,P,8,0
,133,2025-02-10,WO,0,0
,133,2025-02-11,P,8,2
,133,2025-02-12,L,0,0
,133,2025-02-13,P,8,1
,133,2025-02-14,P,8,0
,133,2025-02-15,P,8,0
,133,2025-02-16,P,8,0
,133,2025-02-17,P,8,0
,133,2025-02-18,P,8,1
,133,2025-02-19,L,0,0
,133,2025-02-20,L,0,0
,133,2025-02-21,P,8,2
,133,2025-02-22,P,8,0
,133,2025-02-23,P,8,0
,133,2025-02-24,WO,0,0
,133,2025-02-25,P,8,0
,133,2025-02-26,P,8,0
,133,2025-02-27,P,8,0
,133,2025-02-28,P,8,1
,133,2025-03-01,P,8,0
,133,2025-03-02,P,8,0
,133,2025-03-03,P,8,0
,133,2025-03-04,P,8,1
,133,2025-03-05,WO,0,0
,133,2025-03-06,P,8,0
,133,2025-03-07,WO,0,0
,133,2025-03-08,P,8,0
,133,2025-03-09,P,8,0
,133,2025-03-10,P,8,3
,133,2025-03-11,P,8,0
,133,2025-03-12,L,0,0
,133,2025-03-13,L,0,0
,133,2025-03-14,P,8,0
,133,2025-03-15,A,0,0
,133,2025-03-16,P,8,0
,133,2025-03-17,WO,0,0
,133,2025-03-18,P,8,0
,133,2025-03-19,P,8,0
,133,2025-03-20,P,8,0
,133,2025-03-21,P,8,0
,133,2025-03-22,P,8,0
,133,2025-03-23,P,8,0
,133,2025-03-24,P,8,0
,133,2025-03-25,P,8,1
,133,2025-03-26,P,8,0
,133,2025-03-27,L,0,0
,133,2025-03-28,P,8,0
,133,2025-03-29,P,8,0
,133,2025-03-30,L,0,0
,133,2025-03-31,P,8,1
,134,2025-01-01,P,8,0
,134,2025-01-02,P,8,0
,134,2025-01-03,P,8,0
,134,2025-01-04,WO,0,0
,134,2025-01-05,L,0,0
,134,2025-01-06,P,8,0
,134,2025-01-07,P,8,0
,134,2025-01-08,WO,0,0
,134,2025-01-09,P,8,0
,134,2025-01-10,A,0,0
,134,2025-01-11,P,8,2
,134,2025-01-12,WO,0,0
,134,2025-01-13,P,8,0
,134,2025-01-14,L,0,0
,134,2025-01-15,WO,0,0
,134,2025-01-16,P,8,1
,134,2025-01-17,P,8,0
,134,2025-01-18,WO,0,0
,134,2025-01-19,P,8,2
,134,2025-01-20,P,8,0
,134,2025-01-21,P,8,0
,134,2025-01-22,P,8,0
,134,2025-01-23,P,8,0
,134,2025-01-24,P,8,1
,134,2025-01-25,P,8,0
,134,2025-01-26,P,8,0
,134,2025-01-27,P,8,0
,134,2025-01-28,P,8,1
,134,2025-01-29,A,0,0
,134,2025-01-30,P,8,0
,134,2025-01-31,P,8,0
,134,2025-02-01,P,8,0
,134,2025-02-02,P,8,0
,134,2025-02-03,P,8,0
,134,2025-02-04,P,8,0
,134,2025-02-05,P,8,0
,134,2025-02-06,P,8,0
,134,2025-02-07,P,8,0
,134,2025-02-08,P,8,0
,134,2025-02-09,P,8,0
,134,2025-02-10,P,8,2
,134,2025-02-11,P,8,0
,134,2025-02-12,WO,0,0
,134,2025-02-13,A,0,0
,134,2025-02-14,P,8,0
,134,2025-02-15,P,8,0
,134,2025-02-16,P,8,0
,134,2025-02-17,P,8,2
,134,2025-02-18,L,0,0
,134,2025-02-19,P,8,0
,134,2025-02-20,P,8,2
,134,2025-02-21,P,8,0
,134,2025-02-22,P,8,0
,134,2025-02-23,P,8,1
,134,2025-02-24,P,8,0
,134,2025-02-25,P,8,0
,134,2025-02-26,WO,0,0
,134,2025-02-27,WO,0,0
,134,2025-02-28,L,0,0
,134,2025-03-01,WO,0,0
,134,2025-03-02,P,8,0
,134,2025-03-03,P,8,2
,134,2025-03-04,P,8,0
,134,2025-03-05,A,0,0
,134,2025-03-06,P,8,0
,134,2025-03-07,P,8,0
,134,2025-03-08,P,8,1
,134,2025-03-09,P,8,3
,134,2025-03-10,P,8,0
,134,2025-03-11,P,8,0
,134,2025-03-12,P,8,1
,134,2025-03-13,P,8,0
,134,2025-03-14,P,8,0
,134,2025-03-15,P,8,0
,134,2025-03-16,P,8,2
,134,2025-03-17,P,8,0
,134,2025-03-18,P,8,0
,134,2025-03-19,P,8,1
,134,2025-03-20,P,8,0
,134,2025-03-21,P,8,0
,134,2025-03-22,P,8,0
,134,2025-03-23,L,0,0
,134,2025-03-24,P,8,1
,134,2025-03-25,P,8,0
,134,2025-03-26,P,8,0
,134,2025-03-27,P,8,0
,134,2025-03-28,WO,0,0
,134,2025-03-29,P,8,0
,134,2025-03-30,WO,0,0
,134,2025-03-31,A,0,0
,135,2025-01-01,P,8,0
,135,2025-01-02,WO,0,0
,135,2025-01-03,P,8,0
,135,2025-01-04,P,8,0
,135,2025-01-05,P,8,0
,135,2025-01-06,P,8,0
,135,2025-01-07,P,8,2
,135,2025-01-08,L,0,0
,135,2025-01-09,P,8,1
,135,2025-01-10,P,8,0
,135,2025-01-11,P,8,0
,135,2025-01-12,WO,0,0
,135,2025-01-13,P,8,0
,135,2025-01-14,P,8,0
,135,2025-01-15,P,8,1
,135,2025-01-16,P,8,2
,135,2025-01-17,P,8,3
,135,2025-01-18,P,8,0
,135,2025-01-19,P,8,0
,135,2025-01-20,P,8,0
,135,2025-01-21,P,8,1
,135,2025-01-22,P,8,0
,135,2025-01-23,P,8,1
,135,2025-01-24,P,8,2
,135,2025-01-25,P,8,0
,135,2025-01-26,P,8,0
,135,2025-01-27,P,8,2
,135,2025-01-28,WO,0,0
,135,2025-01-29,P,8,0
,135,2025-01-30,P,8,0
,135,2025-01-31,P,8,0
,135,2025-02-01,P,8,1
,135,2025-02-02,P,8,0
,135,2025-02-03,WO,0,0
,135,2025-02-04,P,8,2
,135,2025-02-05,P,8,0
,135,2025-02-06,WO,0,0
,135,2025-02-07,P,8,0
,135,2025-02-08,P,8,0
,135,2025-02-09,P,8,2
,135,2025-02-10,WO,0,0
,135,2025-02-11,WO,0,0
,135,2025-02-12,P,8,0
,135,2025-02-13,P,8,2
,135,2025-02-14,P,8,0
,135,2025-02-15,P,8,0
,135,2025-02-16,P,8,3
,135,2025-02-17,L,0,0
,135,2025-02-18,P,8,0
,135,2025-02-19,L,0,0
,135,2025-02-20,P,8,0
,135,2025-02-21,P,8,0
,135,2025-02-22,P,8,0
,135,2025-02-23,P,8,0
,135,2025-02-24,L,0,0
,135,2025-02-25,A,0,0
,135,2025-02-26,A,0,0
,135,2025-02-27,P,8,0
,135,2025-02-28,P,8,2
,135,2025-03-01,P,8,0
,135,2025-03-02,P,8,0
,135,2025-03-03,P,8,3
,135,2025-03-04,WO,0,0
,135,2025-03-05,P,8,3
,135,2025-03-06,P,8,1
,135,2025-03-07,P,8,0
,135,2025-03-08,P,8,2
,135,2025-03-09,P,8,0
,135,2025-03-10,P,8,1
,135,2025-03-11,P,8,0
,135,2025-03-12,P,8,0
,135,2025-03-13,P,8,0
,135,2025-03-14,P,8,0
,135,2025-03-15,A,0,0
,135,2025-03-16,P,8,0
,135,2025-03-17,L,0,0
,135,2025-03-18,P,8,2
,135,2025-03-19,P,8,0
,135,2025-03-20,P,8,3
,135,2025-03-21,P,8,0
,135,2025-03-22,L,0,0
,135,2025-03-23,P,8,0
,135,2025-03-24,P,8,1
,135,2025-03-25,P,8,0
,135,2025-03-26,P,8,0
,135,2025-03-27,L,0,0
,135,2025-03-28,WO,0,0
,135,2025-03-29,P,8,1
,135,2025-03-30,P,8,0
,135,2025-03-31,P,8,0
,136,2025-01-01,P,8,1
,136,2025-01-02,P,8,2
,136,2025-01-03,P,8,0
,136,2025-01-04,P,8,0
,136,2025-01-05,P,8,0
,136,2025-01-06,P,8,0
,136,2025-01-07,P,8,0
,136,2025-01-08,WO,0,0
,136,2025-01-09,P,8,1
,136,2025-01-10,WO,0,0
,136,2025-01-11,P,8,0
,136,2025-01-12,A,0,0
,136,2025-01-13,P,8,0
,136,2025-01-14,P,8,3
,136,2025-01-15,WO,0,0
,136,2025-01-16,P,8,0
,136,2025-01-17,P,8,0
,136,2025-01-18,P,8,0
,136,2025-01-19,L,0,0
,136,2025-01-20,WO,0,0
,136,2025-01-21,P,8,0
,136,2025-01-22,P,8,0
,136,2025-01-23,P,8,1
,136,2025-01-24,P,8,0
,136,2025-01-25,P,8,0
,136,2025-01-26,P,8,0
,136,2025-01-27,P,8,2
,136,2025-01-28,P,8,0
,136,2025-01-29,P,8,0
,136,2025-01-30,P,8,0
,136,2025-01-31,P,8,0
,136,2025-02-01,P,8,0
,136,2025-02-02,A,0,0
,136,2025-02-03,P,8,0
,136,2025-02-04,P,8,0
,136,2025-02-05,WO,0,0
,136,2025-02-06,P,8,2
,136,2025-02-07,WO,0,0
,136,2025-02-08,P,8,0
,136,2025-02-09,P,8,3
,136,2025-02-10,P,8,0
,136,2025-02-11,P,8,0
,136,2025-02-12,P,8,0
,136,2025-02-13,P,8,2
,136,2025-02-14,P,8,0
,136,2025-02-15,P,8,0
,136,2025-02-16,P,8,0
,136,2025-02-17,P,8,0
,136,2025-02-18,P,8,1
,136,2025-02-19,P,8,0
,136,2025-02-20,P,8,0
,136,2025-02-21,P,8,1
,136,2025-02-22,WO,0,0
,136,2025-02-23,WO,0,0
,136,2025-02-24,P,8,0
,136,2025-02-25,A,0,0
,136,2025-02-26,P,8,0
,136,2025-02-27,A,0,0
,136,2025-02-28,P,8,0
,136,2025-03-01,P,8,0
,136,2025-03-02,P,8,0
,136,2025-03-03,P,8,0
,136,2025-03-04,P,8,1
,136,2025-03-05,P,8,0
,136,2025-03-06,P,8,2
,136,2025-03-07,P,8,0
,136,2025-03-08,P,8,1
,136,2025-03-09,P,8,0
,136,2025-03-10,P,8,0
,136,2025-03-11,A,0,0
,136,2025-03-12,WO,0,0
,136,2025-03-13,P,8,1
,136,2025-03-14,P,8,0
,136,2025-03-15,P,8,0
,136,2025-03-16,WO,0,0
,136,2025-03-17,P,8,0
,136,2025-03-18,P,8,0
,136,2025-03-19,P,8,0
,136,2025-03-20,A,0,0
,136,2025-03-21,P,8,0
,136,2025-03-22,L,0,0
,136,2025-03-23,P,8,0
,136,2025-03-24,P,8,0
,136,2025-03-25,P,8,0
,136,2025-03-26,L,0,0
,136,2025-03-27,P,8,0
,136,2025-03-28,P,8,1
,136,2025-03-29,P,8,0
,136,2025-03-30,P,8,1
,136,2025-03-31,L,0,0
,137,2025-01-01,P,8,0
,137,2025-01-02,WO,0,0
,137,2025-01-03,P,8,1
,137,2025-01-04,WO,0,0
,137,2025-01-05,P,8,0
,137,2025-01-06,P,8,0
,137,2025-01-07,P,8,0
,137,2025-01-08,P,8,0
,137,2025-01-09,P,8,0
,137,2025-01-10,WO,0,0
,137,2025-01-11,P,8,2
,137,2025-01-12,P,8,0
,137,2025-01-13,P,8,0
,137,2025-01-14,P,8,0
,137,2025-01-15,P,8,0
,137,2025-01-16,P,8,0
,137,2025-01-17,P,8,0
,137,2025-01-18,P,8,0
,137,2025-01-19,P,8,3
,137,2025-01-20,P,8,0
,137,2025-01-21,P,8,2
,137,2025-01-22,P,8,3
,137,2025-01-23,P,8,0
,137,2025-01-24,WO,0,0
,137,2025-01-25,P,8,0
,137,2025-01-26,P,8,2
,137,2025-01-27,P,8,0
,137,2025-01-28,P,8,0
,137,2025-01-29,WO,0,0
,137,2025-01-30,P,8,0
,137,2025-01-31,WO,0,0
,137,2025-02-01,P,8,0
,137,2025-02-02,P,8,0
,137,2025-02-03,P,8,1
,137,2025-02-04,P,8,0
,137,2025-02-05,A,0,0
,137,2025-02-06,P,8,0
,137,2025-02-07,P,8,3
,137,2025-02-08,P,8,0
,137,2025-02-09,P,8,0
,137,2025-02-10,P,8,0
,137,2025-02-11,P,8,3
,137,2025-02-12,P,8,0
,137,2025-02-13,P,8,0
,137,2025-02-14,P,8,0
,137,2025-02-15,P,8,1
,137,2025-02-16,P,8,0
,137,2025-02-17,P,8,0
,137,2025-02-18,P,8,0
,137,2025-02-19,P,8,2
,137,2025-02-20,P,8,0
,137,2025-02-21,P,8,0
,137,2025-02-22,P,8,2
,137,2025-02-23,P,8,3
,137,2025-02-24,WO,0,0
,137,2025-02-25,P,8,0
,137,2025-02-26,P,8,0
,137,2025-02-27,WO,0,0
,137,2025-02-28,P,8,2
,137,2025-03-01,P,8,2
,137,2025-03-02,WO,0,0
,137,2025-03-03,P,8,0
,137,2025-03-04,P,8,1
,137,2025-03-05,L,0,0
,137,2025-03-06,P,8,0
,137,2025-03-07,P,8,1
,137,2025-03-08,P,8,1
,137,2025-03-09,P,8,0
,137,2025-03-10,P,8,0
,137,2025-03-11,P,8,0
,137,2025-03-12,P,8,0
,137,2025-03-13,P,8,1
,137,2025-03-14,L,0,0
,137,2025-03-15,P,8,3
,137,2025-03-16,P,8,0
,137,2025-03-17,P,8,1
,137,2025-03-18,P,8,0
,137,2025-03-19,P,8,0
,137,2025-03-20,P,8,0
,137,2025-03-21,P,8,0
,137,2025-03-22,P,8,0
,137,2025-03-23,P,8,1
,137,2025-03-24,WO,0,0
,137,2025-03-25,P,8,1
,137,2025-03-26,P,8,0
,137,2025-03-27,P,8,0
,137,2025-03-28,P,8,0
,137,2025-03-29,P,8,1
,137,2025-03-30,P,8,0
,137,2025-03-31,P,8,0
,138,2025-01-01,P,8,0
,138,2025-01-02,P,8,2
,138,2025-01-03,P,8,3
,138,2025-01-04,P,8,0
,138,2025-01-05,P,8,0
,138,2025-01-06,P,8,0
,138,2025-01-07,P,8,2
,138,2025-01-08,P,8,0
,138,2025-01-09,P,8,0
,138,2025-01-10,A,0,0
,138,2025-01-11,A,0,0
,138,2025-01-12,WO,0,0
,138,2025-01-13,P,8,0
,138,2025-01-14,P,8,3
,138,2025-01-15,P,8,0
,138,2025-01-16,P,8,1
,138,2025-01-17,P,8,0
,138,2025-01-18,L,0,0
,138,2025-01-19,WO,0,0
,138,2025-01-20,P,8,0
,138,2025-01-21,A,0,0
,138,2025-01-22,WO,0,0
,138,2025-01-23,P,8,0
,138,2025-01-24,P,8,1
,138,2025-01-25,P,8,0
,138,2025-01-26,P,8,2
,138,2025-01-27,P,8,0
,138,2025-01-28,P,8,0
,138,2025-01-29,P,8,1
,138,2025-01-30,P,8,2
,138,2025-01-31,P,8,0
,138,2025-02-01,P,8,0
,138,2025-02-02,P,8,2
,138,2025-02-03,P,8,0
,138,2025-02-04,L,0,0
,138,2025-02-05,P,8,1
,138,2025-02-06,P,8,0
,138,2025-02-07,P,8,0
,138,2025-02-08,P,8,0
,138,2025-02-09,P,8,1
,138,2025-02-10,P,8,2
,138,2025-02-11,P,8,0
,138,2025-02-12,P,8,0
,138,2025-02-13,L,0,0
,138,2025-02-14,P,8,0
,138,2025-02-15,P,8,0
,138,2025-02-16,P,8,1
,138,2025-02-17,P,8,0
,138,2025-02-18,P,8,0
,138,2025-02-19,P,8,2
,138,2025-02-20,P,8,1
,138,2025-02-21,P,8,0
,138,2025-02-22,WO,0,0
,138,2025-02-23,P,8,0
,138,2025-02-24,P,8,0
,138,2025-02-25,P,8,0
,138,2025-02-26,P,8,0
,138,2025-02-27,P,8,1
,138,2025-02-28,P,8,0
,138,2025-03-01,P,8,0
,138,2025-03-02,P,8,0
,138,2025-03-03,L,0,0
,138,2025-03-04,WO,0,0
,138,2025-03-05,P,8,1
,138,2025-03-06,P,8,0
,138,2025-03-07,P,8,0
,138,2025-03-08,L,0,0
,138,2025-03-09,P,8,0
,138,2025-03-10,P,8,0
,138,2025-03-11,P,8,0
,138,2025-03-12,P,8,0
,138,2025-03-13,P,8,0
,138,2025-03-14,P,8,0
,138,2025-03-15,P,8,3
,138,2025-03-16,P,8,2
,138,2025-03-17,WO,0,0
,138,2025-03-18,P,8,1
,138,2025-03-19,WO,0,0
,138,2025-03-20,P,8,0
,138,2025-03-21,WO,0,0
,138,2025-03-22,P,8,0
,138,2025-03-23,P,8,1
,138,2025-03-24,P,8,0
,138,2025-03-25,P,8,0
,138,2025-03-26,P,8,1
,138,2025-03-27,P,8,0
,138,2025-03-28,P,8,0
,138,2025-03-29,L,0,0
,138,2025-03-30,P,8,0
,138,2025-03-31,P,8,1
,139,2025-01-01,P,8,0
,139,2025-01-02,P,8,1
,139,2025-01-03,P,8,0
,139,2025-01-04,P,8,2
,139,2025-01-05,P,8,0
,139,2025-01-06,P,8,3
,139,2025-01-07,P,8,3
,139,2025-01-08,A,0,0
,139,2025-01-09,P,8,0
,139,2025-01-10,P,8,0
,139,2025-01-11,P,8,0
,139,2025-01-12,WO,0,0
,139,2025-01-13,P,8,2
,139,2025-01-14,P,8,0
,139,2025-01-15,WO,0,0
,139,2025-01-16,P,8,1
,139,2025-01-17,P,8,0
,139,2025-01-18,P,8,0
,139,2025-01-19,P,8,3
,139,2025-01-20,P,8,2
,139,2025-01-21,P,8,1
,139,2025-01-22,P,8,0
,139,2025-01-23,WO,0,0
,139,2025-01-24,P,8,0
,139,2025-01-25,P,8,0
,139,2025-01-26,WO,0,0
,139,2025-01-27,WO,0,0
,139,2025-01-28,P,8,0
,139,2025-01-29,P,8,0
,139,2025-01-30,L,0,0
,139,2025-01-31,P,8,0
,139,2025-02-01,P,8,3
,139,2025-02-02,P,8,0
,139,2025-02-03,P,8,1
,139,2025-02-04,P,8,0
,139,2025-02-05,P,8,0
,139,2025-02-06,P,8,0
,139,2025-02-07,P,8,0
,139,2025-02-08,P,8,0
,139,2025-02-09,WO,0,0
,139,2025-02-10,P,8,0
,139,2025-02-11,P,8,0
,139,2025-02-12,P,8,1
,139,2025-02-13,P,8,0
,139,2025-02-14,P,8,1
,139,2025-02-15,P,8,0
,139,2025-02-16,P,8,0
,139,2025-02-17,L,0,0
,139,2025-02-18,A,0,0
,139,2025-02-19,P,8,0
,139,2025-02-20,WO,0,0
,139,2025-02-21,P,8,0
,139,2025-02-22,WO,0,0
,139,2025-02-23,WO,0,0
,139,2025-02-24,P,8,0
,139,2025-02-25,P,8,1
,139,2025-02-26,P,8,0
,139,2025-02-27,P,8,0
,139,2025-02-28,P,8,0
,139,2025-03-01,P,8,0
,139,2025-03-02,WO,0,0
,139,2025-03-03,P,8,1
,139,2025-03-04,WO,0,0
,139,2025-03-05,P,8,0
,139,2025-03-06,WO,0,0
,139,2025-03-07,P,8,0
,139,2025-03-08,P,8,0
,139,2025-03-09,A,0,0
,139,2025-03-10,WO,0,0
,139,2025-03-11,P,8,0
,139,2025-03-12,P,8,0
,139,2025-03-13,P,8,0
,139,2025-03-14,P,8,0
,139,2025-03-15,P,8,0
,139,2025-03-16,P,8,0
,139,2025-03-17,P,8,0
,139,2025-03-18,P,8,1
,139,2025-03-19,L,0,0
,139,2025-03-20,P,8,0
,139,2025-03-21,P,8,1
,139,2025-03-22,P,8,1
,139,2025-03-23,P,8,2
,139,2025-03-24,WO,0,0
,139,2025-03-25,P,8,0
,139,2025-03-26,P,8,0
,139,2025-03-27,P,8,0
,139,2025-03-28,P,8,0
,139,2025-03-29,P,8,0
,139,2025-03-30,P,8,0
,139,2025-03-31,P,8,0
,140,2025-01-01,WO,0,0
,140,2025-01-02,P,8,0
,140,2025-01-03,P,8,0
,140,2025-01-04,P,8,0
,140,2025-01-05,P,8,0
,140,2025-01-06,P,8,1
,140,2025-01-07,P,8,0
,140,2025-01-08,A,0,0
,140,2025-01-09,P,8,1
,140,2025-01-10,P,8,0
,140,2025-01-11,WO,0,0
,140,2025-01-12,P,8,1
,140,2025-01-13,P,8,0
,140,2025-01-14,WO,0,0
,140,2025-01-15,P,8,1
,140,2025-01-16,P,8,0
,140,2025-01-17,P,8,2
,140,2025-01-18,P,8,0
,140,2025-01-19,WO,0,0
,140,2025-01-20,P,8,0
,140,2025-01-21,P,8,0
,140,2025-01-22,P,8,0
,140,2025-01-23,P,8,0
,140,2025-01-24,P,8,1
,140,2025-01-25,P,8,0
,140,2025-01-26,P,8,0
,140,2025-01-27,P,8,0
,140,2025-01-28,P,8,0
,140,2025-01-29,P,8,0
,140,2025-01-30,P,8,0
,140,2025-01-31,P,8,2
,140,2025-02-01,P,8,0
,140,2025-02-02,P,8,0
,140,2025-02-03,P,8,0
,140,2025-02-04,P,8,0
,140,2025-02-05,P,8,0
,140,2025-02-06,P,8,1
,140,2025-02-07,P,8,0
,140,2025-02-08,P,8,2
,140,2025-02-09,WO,0,0
,140,2025-02-10,P,8,0
,140,2025-02-11,P,8,1
,140,2025-02-12,P,8,0
,140,2025-02-13,WO,0,0
,140,2025-02-14,P,8,0
,140,2025-02-15,P,8,0
,140,2025-02-16,P,8,0
,140,2025-02-17,P,8,0
,140,2025-02-18,WO,0,0
,140,2025-02-19,P,8,0
,140,2025-02-20,P,8,1
,140,2025-02-21,P,8,2
,140,2025-02-22,P,8,2
,140,2025-02-23,P,8,1
,140,2025-02-24,L,0,0
,140,2025-02-25,P,8,0
,140,2025-02-26,P,8,0
,140,2025-02-27,P,8,3
,140,2025-02-28,P,8,0
,140,2025-03-01,WO,0,0
,140,2025-03-02,P,8,0
,140,2025-03-03,P,8,0
,140,2025-03-04,P,8,3
,140,2025-03-05,P,8,0
,140,2025-03-06,P,8,0
,140,2025-03-07,P,8,0
,140,2025-03-08,P,8,1
,140,2025-03-09,P,8,0
,140,2025-03-10,A,0,0
,140,2025-03-11,P,8,0
,140,2025-03-12,P,8,0
,140,2025-03-13,P,8,0
,140,2025-03-14,P,8,0
,140,2025-03-15,P,8,0
,140,2025-03-16,P,8,2
,140,2025-03-17,WO,0,0
,140,2025-03-18,P,8,0
,140,2025-03-19,P,8,0
,140,2025-03-20,P,8,0
,140,2025-03-21,P,8,0
,140,2025-03-22,L,0,0
,140,2025-03-23,P,8,0
,140,2025-03-24,P,8,0
,140,2025-03-25,P,8,0
,140,2025-03-26,P,8,1
,140,2025-03-27,A,0,0
,140,2025-03-28,L,0,0
,140,2025-03-29,A,0,0
,140,2025-03-30,P,8,0
,140,2025-03-31,P,8,0
,141,2025-01-01,P,8,1
,141,2025-01-02,P,8,0
,141,2025-01-03,P,8,2
,141,2025-01-04,P,8,1
,141,2025-01-05,A,0,0
,141,2025-01-06,WO,0,0
,141,2025-01-07,P,8,1
,141,2025-01-08,P,8,0
,141,2025-01-09,P,8,0
,141,2025-01-10,L,0,0
,141,2025-01-11,P,8,2
,141,2025-01-12,P,8,0
,141,2025-01-13,WO,0,0
,141,2025-01-14,P,8,0
,141,2025-01-15,P,8,0
,141,2025-01-16,P,8,0
,141,2025-01-17,P,8,1
,141,2025-01-18,P,8,0
,141,2025-01-19,P,8,1
,141,2025-01-20,P,8,0
,141,2025-01-21,P,8,2
,141,2025-01-22,P,8,0
,141,2025-01-23,P,8,0
,141,2025-01-24,P,8,0
,141,2025-01-25,P,8,3
,141,2025-01-26,P,8,0
,141,2025-01-27,P,8,2
,141,2025-01-28,A,0,0
,141,2025-01-29,P,8,0
,141,2025-01-30,P,8,0
,141,2025-01-31,P,8,0
,141,2025-02-01,P,8,0
,141,2025-02-02,P,8,0
,141,2025-02-03,P,8,0
,141,2025-02-04,P,8,0
,141,2025-02-05,P,8,1
,141,2025-02-06,P,8,0
,141,2025-02-07,P,8,0
,141,2025-02-08,WO,0,0
,141,2025-02-09,P,8,2
,141,2025-02-10,P,8,1
,141,2025-02-11,P,8,0
,141,2025-02-12,P,8,0
,141,2025-02-13,A,0,0
,141,2025-02-14,P,8,0
,141,2025-02-15,P,8,0
,141,2025-02-16,A,0,0
,141,2025-02-17,P,8,0
,141,2025-02-18,P,8,2
,141,2025-02-19,P,8,1
,141,2025-02-20,P,8,0
,141,2025-02-21,P,8,1
,141,2025-02-22,P,8,2
,141,2025-02-23,P,8,0
,141,2025-02-24,WO,0,0
,141,2025-02-25,P,8,0
,141,2025-02-26,P,8,0
,141,2025-02-27,P,8,0
,141,2025-02-28,A,0,0
,141,2025-03-01,WO,0,0
,141,2025-03-02,P,8,2
,141,2025-03-03,WO,0,0
,141,2025-03-04,P,8,0
,141,2025-03-05,P,8,0
,141,2025-03-06,P,8,2
,141,2025-03-07,P,8,0
,141,2025-03-08,P,8,0
,141,2025-03-09,P,8,0
,141,2025-03-10,P,8,0
,141,2025-03-11,P,8,0
,141,2025-03-12,P,8,0
,141,2025-03-13,P,8,0
,141,2025-03-14,P,8,2
,141,2025-03-15,P,8,1
,141,2025-03-16,L,0,0
,141,2025-03-17,P,8,0
,141,2025-03-18,WO,0,0
,141,2025-03-19,P,8,0
,141,2025-03-20,WO,0,0
,141,2025-03-21,P,8,0
,141,2025-03-22,P,8,0
,141,2025-03-23,P,8,0
,141,2025-03-24,L,0,0
,141,2025-03-25,WO,0,0
,141,2025-03-26,WO,0,0
,141,2025-03-27,P,8,0
,141,2025-03-28,WO,0,0
,141,2025-03-29,WO,0,0
,141,2025-03-30,P,8,0
,141,2025-03-31,P,8,0
,142,2025-01-01,P,8,1
,142,2025-01-02,P,8,0
,142,2025-01-03,P,8,0
,142,2025-01-04,P,8,0
,142,2025-01-05,P,8,1
,142,2025-01-06,P,8,0
,142,2025-01-07,P,8,2
,142,2025-01-08,P,8,1
,142,2025-01-09,P,8,2
,142,2025-01-10,A,0,0
,142,2025-01-11,P,8,0
,142,2025-01-12,P,8,2
,142,2025-01-13,P,8,0
,142,2025-01-14,P,8,1
,142,2025-01-15,P,8,0
,142,2025-01-16,P,8,0
,142,2025-01-17,P,8,0
,142,2025-01-18,P,8,1
,142,2025-01-19,P,8,0
,142,2025-01-20,P,8,0
,142,2025-01-21,P,8,0
,142,2025-01-22,P,8,0
,142,2025-01-23,P,8,2
,142,2025-01-24,P,8,2
,142,2025-01-25,P,8,1
,142,2025-01-26,P,8,2
,142,2025-01-27,P,8,0
,142,2025-01-28,P,8,1
,142,2025-01-29,P,8,0
,142,2025-01-30,P,8,1
,142,2025-01-31,P,8,0
,142,2025-02-01,P,8,2
,142,2025-02-02,WO,0,0
,142,2025-02-03,L,0,0
,142,2025-02-04,P,8,2
,142,2025-02-05,P,8,0
,142,2025-02-06,P,8,0
,142,2025-02-07,WO,0,0
,142,2025-02-08,P,8,0
,142,2025-02-09,P,8,1
,142,2025-02-10,P,8,0
,142,2025-02-11,A,0,0
,142,2025-02-12,P,8,0
,142,2025-02-13,P,8,0
,142,2025-02-14,WO,0,0
,142,2025-02-15,P,8,0
,142,2025-02-16,P,8,0
,142,2025-02-17,P,8,0
,142,2025-02-18,P,8,0
,142,2025-02-19,P,8,0
,142,2025-02-20,P,8,0
,142,2025-02-21,WO,0,0
,142,2025-02-22,P,8,0
,142,2025-02-23,P,8,3
,142,2025-02-24,P,8,1
,142,2025-02-25,P,8,2
,142,2025-02-26,WO,0,0
,142,2025-02-27,P,8,0
,142,2025-02-28,P,8,0
,142,2025-03-01,P,8,0
,142,2025-03-02,P,8,0
,142,2025-03-03,P,8,0
,142,2025-03-04,P,8,3
,142,2025-03-05,P,8,1
,142,2025-03-06,P,8,0
,142,2025-03-07,P,8,0
,142,2025-03-08,A,0,0
,142,2025-03-09,P,8,0
,142,2025-03-10,L,0,0
,142,2025-03-11,P,8,3
,142,2025-03-12,L,0,0
,142,2025-03-13,P,8,0
,142,2025-03-14,P,8,0
,142,2025-03-15,P,8,3
,142,2025-03-16,P,8,0
,142,2025-03-17,P,8,0
,142,2025-03-18,P,8,1
,142,2025-03-19,P,8,0
,142,2025-03-20,P,8,1
,142,2025-03-21,P,8,1
,142,2025-03-22,P,8,1
,142,2025-03-23,P,8,0
,142,2025-03-24,P,8,0
,142,2025-03-25,P,8,0
,142,2025-03-26,P,8,2
,142,2025-03-27,P,8,0
,142,2025-03-28,P,8,0
,142,2025-03-29,WO,0,0
,142,2025-03-30,P,8,3
,142,2025-03-31,P,8,1
,143,2025-01-01,P,8,0
,143,2025-01-02,P,8,0
,143,2025-01-03,P,8,0
,143,2025-01-04,WO,0,0
,143,2025-01-05,P,8,0
,143,2025-01-06,P,8,0
,143,2025-01-07,P,8,0
,143,2025-01-08,A,0,0
,143,2025-01-09,P,8,0
,143,2025-01-10,P,8,1
,143,2025-01-11,P,8,1
,143,2025-01-12,P,8,2
,143,2025-01-13,P,8,0
,143,2025-01-14,P,8,0
,143,2025-01-15,P,8,1
,143,2025-01-16,P,8,2
,143,2025-01-17,A,0,0
,143,2025-01-18,P,8,1
,143,2025-01-19,P,8,0
,143,2025-01-20,L,0,0
,143,2025-01-21,P,8,0
,143,2025-01-22,P,8,0
,143,2025-01-23,L,0,0
,143,2025-01-24,P,8,0
,143,2025-01-25,P,8,0
,143,2025-01-26,P,8,0
,143,2025-01-27,P,8,0
,143,2025-01-28,WO,0,0
,143,2025-01-29,P,8,1
,143,2025-01-30,P,8,1
,143,2025-01-31,WO,0,0
,143,2025-02-01,P,8,0
,143,2025-02-02,P,8,0
,143,2025-02-03,P,8,0
,143,2025-02-04,WO,0,0
,143,2025-02-05,P,8,2
,143,2025-02-06,P,8,0
,143,2025-02-07,P,8,1
,143,2025-02-08,P,8,2
,143,2025-02-09,WO,0,0
,143,2025-02-10,WO,0,0
,143,2025-02-11,P,8,2
,143,2025-02-12,P,8,0
,143,2025-02-13,P,8,0
,143,2025-02-14,P,8,0
,143,2025-02-15,L,0,0
,143,2025-02-16,P,8,0
,143,2025-02-17,L,0,0
,143,2025-02-18,P,8,2
,143,2025-02-19,P,8,0
,143,2025-02-20,P,8,0
,143,2025-02-21,P,8,1
,143,2025-02-22,P,8,2
,143,2025-02-23,P,8,0
,143,2025-02-24,P,8,0
,143,2025-02-25,P,8,3
,143,2025-02-26,P,8,0
,143,2025-02-27,P,8,0
,143,2025-02-28,A,0,0
,143,2025-03-01,P,8,0
,143,2025-03-02,P,8,0
,143,2025-03-03,P,8,0
,143,2025-03-04,A,0,0
,143,2025-03-05,WO,0,0
,143,2025-03-06,P,8,0
,143,2025-03-07,P,8,3
,143,2025-03-08,L,0,0
,143,2025-03-09,WO,0,0
,143,2025-03-10,P,8,0
,143,2025-03-11,A,0,0
,143,2025-03-12,P,8,0
,143,2025-03-13,P,8,0
,143,2025-03-14,P,8,0
,143,2025-03-15,P,8,2
,143,2025-03-16,P,8,0
,143,2025-03-17,P,8,0
,143,2025-03-18,P,8,0
,143,2025-03-19,P,8,1
,143,2025-03-20,L,0,0
,143,2025-03-21,P,8,0
,143,2025-03-22,P,8,2
,143,2025-03-23,P,8,1
,143,2025-03-24,WO,0,0
,143,2025-03-25,WO,0,0
,143,2025-03-26,WO,0,0
,143,2025-03-27,P,8,0
,143,2025-03-28,L,0,0
,143,2025-03-29,P,8,0
,143,2025-03-30,P,8,0
,143,2025-03-31,WO,0,0
,144,2025-01-01,P,8,0
,144,2025-01-02,L,0,0
,144,2025-01-03,A,0,0
,144,2025-01-04,P,8,0
,144,2025-01-05,P,8,0
,144,2025-01-06,P,8,0
,144,2025-01-07,P,8,0
,144,2025-01-08,P,8,0
,144,2025-01-09,P,8,1
,144,2025-01-10,P,8,0
,144,2025-01-11,P,8,3
,144,2025-01-12,P,8,0
,144,2025-01-13,P,8,2
,144,2025-01-14,P,8,0
,144,2025-01-15,P,8,0
,144,2025-01-16,A,0,0
,144,2025-01-17,P,8,0
,144,2025-01-18,P,8,0
,144,2025-01-19,P,8,0
,144,2025-01-20,P,8,0
,144,2025-01-21,P,8,3
,144,2025-01-22,P,8,2
,144,2025-01-23,P,8,3
,144,2025-01-24,P,8,0
,144,2025-01-25,A,0,0
,144,2025-01-26,P,8,0
,144,2025-01-27,P,8,0
,144,2025-01-28,P,8,0
,144,2025-01-29,P,8,0
,144,2025-01-30,P,8,0
,144,2025-01-31,P,8,3
,144,2025-02-01,P,8,0
,144,2025-02-02,P,8,1
,144,2025-02-03,P,8,0
,144,2025-02-04,P,8,0
,144,2025-02-05,P,8,0
,144,2025-02-06,P,8,0
,144,2025-02-07,WO,0,0
,144,2025-02-08,P,8,0
,144,2025-02-09,P,8,0
,144,2025-02-10,P,8,0
,144,2025-02-11,P,8,0
,144,2025-02-12,P,8,0
,144,2025-02-13,P,8,0
,144,2025-02-14,P,8,0
,144,2025-02-15,P,8,1
,144,2025-02-16,P,8,0
,144,2025-02-17,P,8,2
,144,2025-02-18,P,8,0
,144,2025-02-19,P,8,0
,144,2025-02-20,P,8,0
,144,2025-02-21,P,8,1
,144,2025-02-22,A,0,0
,144,2025-02-23,P,8,0
,144,2025-02-24,P,8,0
,144,2025-02-25,P,8,0
,144,2025-02-26,P,8,0
,144,2025-02-27,P,8,0
,144,2025-02-28,P,8,0
,144,2025-03-01,P,8,0
,144,2025-03-02,P,8,0
,144,2025-03-03,P,8,0
,144,2025-03-04,P,8,2
,144,2025-03-05,P,8,0
,144,2025-03-06,P,8,0
,144,2025-03-07,P,8,0
,144,2025-03-08,P,8,0
,144,2025-03-09,P,8,0
,144,2025-03-10,P,8,0
,144,2025-03-11,WO,0,0
,144,2025-03-12,P,8,0
,144,2025-03-13,P,8,0
,144,2025-03-14,A,0,0
,144,2025-03-15,A,0,0
,144,2025-03-16,P,8,2
,144,2025-03-17,P,8,0
,144,2025-03-18,WO,0,0
,144,2025-03-19,P,8,0
,144,2025-03-20,P,8,3
,144,2025-03-21,P,8,1
,144,2025-03-22,P,8,0
,144,2025-03-23,A,0,0
,144,2025-03-24,P,8,2
,144,2025-03-25,P,8,0
,144,2025-03-26,P,8,0
,144,2025-03-27,P,8,3
,144,2025-03-28,L,0,0
,144,2025-03-29,P,8,3
,144,2025-03-30,A,0,0
,144,2025-03-31,P,8,0
,145,2025-01-01,WO,0,0
,145,2025-01-02,P,8,2
,145,2025-01-03,A,0,0
,145,2025-01-04,A,0,0
,145,2025-01-05,P,8,0
,145,2025-01-06,P,8,0
,145,2025-01-07,P,8,0
,145,2025-01-08,P,8,2
,145,2025-01-09,P,8,0
,145,2025-01-10,P,8,0
,145,2025-01-11,P,8,1
,145,2025-01-12,P,8,1
,145,2025-01-13,P,8,2
,145,2025-01-14,A,0,0
,145,2025-01-15,L,0,0
,145,2025-01-16,WO,0,0
,145,2025-01-17,WO,0,0
,145,2025-01-18,WO,0,0
,145,2025-01-19,P,8,0
,145,2025-01-20,P,8,0
,145,2025-01-21,P,8,0
,145,2025-01-22,WO,0,0
,145,2025-01-23,L,0,0
,145,2025-01-24,P,8,0
,145,2025-01-25,L,0,0
,145,2025-01-26,P,8,1
,145,2025-01-27,P,8,0
,145,2025-01-28,P,8,2
,145,2025-01-29,P,8,0
,145,2025-01-30,P,8,0
,145,2025-01-31,L,0,0
,145,2025-02-01,P,8,0
,145,2025-02-02,P,8,0
,145,2025-02-03,P,8,1
,145,2025-02-04,P,8,1
,145,2025-02-05,P,8,3
,145,2025-02-06,WO,0,0
,145,2025-02-07,P,8,1
,145,2025-02-08,P,8,1
,145,2025-02-09,P,8,0
,145,2025-02-10,P,8,1
,145,2025-02-11,P,8,0
,145,2025-02-12,P,8,0
,145,2025-02-13,P,8,1
,145,2025-02-14,A,0,0
,145,2025-02-15,P,8,2
,145,2025-02-16,P,8,0
,145,2025-02-17,P,8,3
,145,2025-02-18,P,8,0
,145,2025-02-19,WO,0,0
,145,2025-02-20,P,8,0
,145,2025-02-21,P,8,0
,145,2025-02-22,WO,0,0
,145,2025-02-23,P,8,0
,145,2025-02-24,P,8,0
,145,2025-02-25,P,8,0
,145,2025-02-26,A,0,0
,145,2025-02-27,P,8,0
,145,2025-02-28,P,8,0
,145,2025-03-01,P,8,0
,145,2025-03-02,A,0,0
,145,2025-03-03,P,8,1
,145,2025-03-04,P,8,3
,145,2025-03-05,P,8,1
,145,2025-03-06,P,8,0
,145,2025-03-07,P,8,2
,145,2025-03-08,P,8,0
,145,2025-03-09,P,8,0
,145,2025-03-10,P,8,0
,145,2025-03-11,P,8,0
,145,2025-03-12,P,8,0
,145,2025-03-13,A,0,0
,145,2025-03-14,P,8,0
,145,2025-03-15,WO,0,0
,145,2025-03-16,P,8,2
,145,2025-03-17,L,0,0
,145,2025-03-18,WO,0,0
,145,2025-03-19,A,0,0
,145,2025-03-20,P,8,0
,145,2025-03-21,P,8,0
,145,2025-03-22,P,8,1
,145,2025-03-23,P,8,2
,145,2025-03-24,A,0,0
,145,2025-03-25,A,0,0
,145,2025-03-26,P,8,2
,145,2025-03-27,A,0,0
,145,2025-03-28,P,8,0
,145,2025-03-29,WO,0,0
,145,2025-03-30,A,0,0
,145,2025-03-31,P,8,0
,146,2025-01-01,P,8,0
,146,2025-01-02,WO,0,0
,146,2025-01-03,L,0,0
,146,2025-01-04,P,8,0
,146,2025-01-05,P,8,1
,146,2025-01-06,P,8,0
,146,2025-01-07,P,8,0
,146,2025-01-08,P,8,0
,146,2025-01-09,P,8,0
,146,2025-01-10,P,8,2
,146,2025-01-11,A,0,0
,146,2025-01-12,WO,0,0
,146,2025-01-13,WO,0,0
,146,2025-01-14,P,8,0
,146,2025-01-15,P,8,2
,146,2025-01-16,L,0,0
,146,2025-01-17,P,8,0
,146,2025-01-18,P,8,1
,146,2025-01-19,P,8,0
,146,2025-01-20,P,8,0
,146,2025-01-21,P,8,0
,146,2025-01-22,WO,0,0
,146,2025-01-23,P,8,1
,146,2025-01-24,A,0,0
,146,2025-01-25,P,8,0
,146,2025-01-26,P,8,0
,146,2025-01-27,A,0,0
,146,2025-01-28,P,8,1
,146,2025-01-29,P,8,0
,146,2025-01-30,P,8,0
,146,2025-01-31,P,8,1
,146,2025-02-01,P,8,1
,146,2025-02-02,P,8,0
,146,2025-02-03,L,0,0
,146,2025-02-04,L,0,0
,146,2025-02-05,P,8,2
,146,2025-02-06,P,8,0
,146,2025-02-07,P,8,2
,146,2025-02-08,P,8,0
,146,2025-02-09,P,8,1
,146,2025-02-10,P,8,0
,146,2025-02-11,P,8,0
,146,2025-02-12,P,8,0
,146,2025-02-13,P,8,0
,146,2025-02-14,WO,0,0
,146,2025-02-15,P,8,0
,146,2025-02-16,P,8,1
,146,2025-02-17,WO,0,0
,146,2025-02-18,P,8,1
,146,2025-02-19,P,8,0
,146,2025-02-20,P,8,0
,146,2025-02-21,P,8,0
,146,2025-02-22,P,8,0
,146,2025-02-23,P,8,0
,146,2025-02-24,P,8,0
,146,2025-02-25,P,8,0
,146,2025-02-26,P,8,0
,146,2025-02-27,P,8,0
,146,2025-02-28,P,8,0
,146,2025-03-01,P,8,0
,146,2025-03-02,P,8,0
,146,2025-03-03,WO,0,0
,146,2025-03-04,P,8,0
,146,2025-03-05,P,8,0
,146,2025-03-06,A,0,0
,146,2025-03-07,P,8,3
,146,2025-03-08,P,8,0
,146,2025-03-09,WO,0,0
,146,2025-03-10,P,8,0
,146,2025-03-11,P,8,0
,146,2025-03-12,P,8,0
,146,2025-03-13,P,8,1
,146,2025-03-14,L,0,0
,146,2025-03-15,P,8,0
,146,2025-03-16,P,8,0
,146,2025-03-17,WO,0,0
,146,2025-03-18,P,8,0
,146,2025-03-19,A,0,0
,146,2025-03-20,WO,0,0
,146,2025-03-21,P,8,0
,146,2025-03-22,P,8,3
,146,2025-03-23,P,8,0
,146,2025-03-24,P,8,0
,146,2025-03-25,P,8,2
,146,2025-03-26,WO,0,0
,146,2025-03-27,L,0,0
,146,2025-03-28,P,8,1
,146,2025-03-29,A,0,0
,146,2025-03-30,P,8,0
,146,2025-03-31,P,8,2
,147,2025-01-01,P,8,2
,147,2025-01-02,P,8,1
,147,2025-01-03,P,8,1
,147,2025-01-04,P,8,2
,147,2025-01-05,P,8,0
,147,2025-01-06,P,8,0
,147,2025-01-07,P,8,0
,147,2025-01-08,WO,0,0
,147,2025-01-09,P,8,0
,147,2025-01-10,P,8,0
,147,2025-01-11,L,0,0
,147,2025-01-12,P,8,2
,147,2025-01-13,P,8,0
,147,2025-01-14,WO,0,0
,147,2025-01-15,P,8,0
,147,2025-01-16,P,8,1
,147,2025-01-17,P,8,0
,147,2025-01-18,P,8,0
,147,2025-01-19,L,0,0
,147,2025-01-20,P,8,0
,147,2025-01-21,A,0,0
,147,2025-01-22,P,8,0
,147,2025-01-23,P,8,0
,147,2025-01-24,P,8,0
,147,2025-01-25,P,8,0
,147,2025-01-26,P,8,0
,147,2025-01-27,P,8,3
,147,2025-01-28,P,8,1
,147,2025-01-29,P,8,2
,147,2025-01-30,WO,0,0
,147,2025-01-31,P,8,0
,147,2025-02-01,P,8,0
,147,2025-02-02,P,8,1
,147,2025-02-03,P,8,0
,147,2025-02-04,P,8,0
,147,2025-02-05,WO,0,0
,147,2025-02-06,A,0,0
,147,2025-02-07,P,8,0
,147,2025-02-08,P,8,1
,147,2025-02-09,P,8,0
,147,2025-02-10,A,0,0
,147,2025-02-11,P,8,2
,147,2025-02-12,P,8,2
,147,2025-02-13,P,8,0
,147,2025-02-14,P,8,1
,147,2025-02-15,P,8,0
,147,2025-02-16,P,8,0
,147,2025-02-17,P,8,2
,147,2025-02-18,P,8,0
,147,2025-02-19,P,8,0
,147,2025-02-20,P,8,0
,147,2025-02-21,P,8,0
,147,2025-02-22,L,0,0
,147,2025-02-23,P,8,0
,147,2025-02-24,P,8,1
,147,2025-02-25,P,8,0
,147,2025-02-26,WO,0,0
,147,2025-02-27,P,8,0
,147,2025-02-28,P,8,0
,147,2025-03-01,P,8,1
,147,2025-03-02,P,8,0
,147,2025-03-03,P,8,0
,147,2025-03-04,P,8,0
,147,2025-03-05,WO,0,0
,147,2025-03-06,P,8,0
,147,2025-03-07,A,0,0
,147,2025-03-08,P,8,0
,147,2025-03-09,P,8,0
,147,2025-03-10,WO,0,0
,147,2025-03-11,L,0,0
,147,2025-03-12,P,8,0
,147,2025-03-13,P,8,0
,147,2025-03-14,P,8,1
,147,2025-03-15,P,8,0
,147,2025-03-16,P,8,0
,147,2025-03-17,A,0,0
,147,2025-03-18,P,8,1
,147,2025-03-19,P,8,1
,147,2025-03-20,P,8,0
,147,2025-03-21,P,8,1
,147,2025-03-22,P,8,0
,147,2025-03-23,P,8,0
,147,2025-03-24,P,8,3
,147,2025-03-25,P,8,0
,147,2025-03-26,P,8,0
,147,2025-03-27,P,8,0
,147,2025-03-28,P,8,0
,147,2025-03-29,P,8,0
,147,2025-03-30,L,0,0
,147,2025-03-31,P,8,0
,148,2025-01-01,P,8,0
,148,2025-01-02,L,0,0
,148,2025-01-03,WO,0,0
,148,2025-01-04,P,8,0
,148,2025-01-05,P,8,0
,148,2025-01-06,P,8,2
,148,2025-01-07,L,0,0
,148,2025-01-08,L,0,0
,148,2025-01-09,P,8,0
,148,2025-01-10,P,8,0
,148,2025-01-11,P,8,0
,148,2025-01-12,P,8,1
,148,2025-01-13,WO,0,0
,148,2025-01-14,WO,0,0
,148,2025-01-15,L,0,0
,148,2025-01-16,P,8,1
,148,2025-01-17,P,8,0
,148,2025-01-18,L,0,0
,148,2025-01-19,WO,0,0
,148,2025-01-20,P,8,0
,148,2025-01-21,P,8,0
,148,2025-01-22,WO,0,0
,148,2025-01-23,P,8,0
,148,2025-01-24,P,8,0
,148,2025-01-25,P,8,2
,148,2025-01-26,P,8,0
,148,2025-01-27,P,8,0
,148,2025-01-28,A,0,0
,148,2025-01-29,P,8,1
,148,2025-01-30,P,8,0
,148,2025-01-31,P,8,0
,148,2025-02-01,A,0,0
,148,2025-02-02,P,8,0
,148,2025-02-03,P,8,0
,148,2025-02-04,WO,0,0
,148,2025-02-05,P,8,0
,148,2025-02-06,L,0,0
,148,2025-02-07,P,8,0
,148,2025-02-08,P,8,1
,148,2025-02-09,P,8,0
,148,2025-02-10,P,8,3
,148,2025-02-11,P,8,0
,148,2025-02-12,P,8,1
,148,2025-02-13,P,8,0
,148,2025-02-14,P,8,0
,148,2025-02-15,A,0,0
,148,2025-02-16,P,8,0
,148,2025-02-17,P,8,0
,148,2025-02-18,A,0,0
,148,2025-02-19,P,8,1
,148,2025-02-20,P,8,0
,148,2025-02-21,P,8,0
,148,2025-02-22,P,8,1
,148,2025-02-23,P,8,0
,148,2025-02-24,P,8,1
,148,2025-02-25,P,8,0
,148,2025-02-26,P,8,1
,148,2025-02-27,WO,0,0
,148,2025-02-28,WO,0,0
,148,2025-03-01,P,8,0
,148,2025-03-02,A,0,0
,148,2025-03-03,P,8,0
,148,2025-03-04,P,8,2
,148,2025-03-05,WO,0,0
,148,2025-03-06,P,8,1
,148,2025-03-07,A,0,0
,148,2025-03-08,P,8,0
,148,2025-03-09,P,8,0
,148,2025-03-10,P,8,1
,148,2025-03-11,WO,0,0
,148,2025-03-12,P,8,1
,148,2025-03-13,P,8,0
,148,2025-03-14,P,8,0
,148,2025-03-15,WO,0,0
,148,2025-03-16,P,8,0
,148,2025-03-17,P,8,2
,148,2025-03-18,P,8,0
,148,2025-03-19,P,8,1
,148,2025-03-20,P,8,0
,148,2025-03-21,P,8,1
,148,2025-03-22,P,8,0
,148,2025-03-23,P,8,0
,148,2025-03-24,P,8,0
,148,2025-03-25,WO,0,0
,148,2025-03-26,L,0,0
,148,2025-03-27,P,8,1
,148,2025-03-28,P,8,2
,148,2025-03-29,P,8,0
,148,2025-03-30,P,8,2
,148,2025-03-31,P,8,0
,149,2025-01-01,P,8,0
,149,2025-01-02,P,8,0
,149,2025-01-03,P,8,2
,149,2025-01-04,P,8,1
,149,2025-01-05,P,8,0
,149,2025-01-06,A,0,0
,149,2025-01-07,P,8,0
,149,2025-01-08,L,0,0
,149,2025-01-09,WO,0,0
,149,2025-01-10,L,0,0
,149,2025-01-11,P,8,0
,149,2025-01-12,P,8,0
,149,2025-01-13,P,8,1
,149,2025-01-14,P,8,0
,149,2025-01-15,P,8,1
,149,2025-01-16,P,8,1
,149,2025-01-17,P,8,1
,149,2025-01-18,L,0,0
,149,2025-01-19,P,8,3
,149,2025-01-20,P,8,0
,149,2025-01-21,P,8,0
,149,2025-01-22,A,0,0
,149,2025-01-23,P,8,0
,149,2025-01-24,P,8,0
,149,2025-01-25,P,8,1
,149,2025-01-26,P,8,0
,149,2025-01-27,P,8,0
,149,2025-01-28,P,8,2
,149,2025-01-29,P,8,0
,149,2025-01-30,P,8,0
,149,2025-01-31,P,8,0
,149,2025-02-01,P,8,1
,149,2025-02-02,P,8,0
,149,2025-02-03,P,8,0
,149,2025-02-04,WO,0,0
,149,2025-02-05,P,8,1
,149,2025-02-06,P,8,2
,149,2025-02-07,P,8,0
,149,2025-02-08,P,8,0
,149,2025-02-09,P,8,1
,149,2025-02-10,WO,0,0
,149,2025-02-11,P,8,0
,149,2025-02-12,A,0,0
,149,2025-02-13,P,8,3
,149,2025-02-14,P,8,0
,149,2025-02-15,P,8,0
,149,2025-02-16,P,8,2
,149,2025-02-17,L,0,0
,149,2025-02-18,P,8,0
,149,2025-02-19,P,8,2
,149,2025-02-20,P,8,0
,149,2025-02-21,P,8,0
,149,2025-02-22,L,0,0
,149,2025-02-23,P,8,0
,149,2025-02-24,P,8,0
,149,2025-02-25,P,8,0
,149,2025-02-26,P,8,0
,149,2025-02-27,P,8,0
,149,2025-02-28,P,8,0
,149,2025-03-01,P,8,0
,149,2025-03-02,P,8,0
,149,2025-03-03,WO,0,0
,149,2025-03-04,P,8,0
,149,2025-03-05,P,8,0
,149,2025-03-06,WO,0,0
,149,2025-03-07,P,8,2
,149,2025-03-08,A,0,0
,149,2025-03-09,L,0,0
,149,2025-03-10,WO,0,0
,149,2025-03-11,WO,0,0
,149,2025-03-12,P,8,0
,149,2025-03-13,P,8,0
,149,2025-03-14,L,0,0
,149,2025-03-15,P,8,2
,149,2025-03-16,A,0,0
,149,2025-03-17,P,8,0
,149,2025-03-18,P,8,0
,149,2025-03-19,P,8,3
,149,2025-03-20,P,8,0
,149,2025-03-21,P,8,0
,149,2025-03-22,P,8,0
,149,2025-03-23,P,8,0
,149,2025-03-24,P,8,2
,149,2025-03-25,P,8,0
,149,2025-03-26,P,8,0
,149,2025-03-27,P,8,1
,149,2025-03-28,P,8,0
,149,2025-03-29,P,8,0
,149,2025-03-30,P,8,0
,149,2025-03-31,P,8,1
,150,2025-01-01,P,8,0
,150,2025-01-02,P,8,3
,150,2025-01-03,P,8,0
,150,2025-01-04,P,8,0
,150,2025-01-05,P,8,0
,150,2025-01-06,P,8,2
,150,2025-01-07,P,8,0
,150,2025-01-08,P,8,0
,150,2025-01-09,P,8,1
,150,2025-01-10,P,8,1
,150,2025-01-11,P,8,0
,150,2025-01-12,WO,0,0
,150,2025-01-13,P,8,0
,150,2025-01-14,P,8,0
,150,2025-01-15,P,8,0
,150,2025-01-16,P,8,0
,150,2025-01-17,P,8,1
,150,2025-01-18,P,8,0
,150,2025-01-19,WO,0,0
,150,2025-01-20,P,8,2
,150,2025-01-21,P,8,0
,150,2025-01-22,P,8,0
,150,2025-01-23,P,8,1
,150,2025-01-24,A,0,0
,150,2025-01-25,L,0,0
,150,2025-01-26,P,8,0
,150,2025-01-27,P,8,0
,150,2025-01-28,P,8,0
,150,2025-01-29,P,8,0
,150,2025-01-30,P,8,3
,150,2025-01-31,P,8,1
,150,2025-02-01,P,8,3
,150,2025-02-02,P,8,2
,150,2025-02-03,WO,0,0
,150,2025-02-04,WO,0,0
,150,2025-02-05,P,8,0
,150,2025-02-06,P,8,0
,150,2025-02-07,P,8,0
,150,2025-02-08,P,8,0
,150,2025-02-09,P,8,0
,150,2025-02-10,P,8,1
,150,2025-02-11,P,8,2
,150,2025-02-12,P,8,0
,150,2025-02-13,P,8,0
,150,2025-02-14,P,8,0
,150,2025-02-15,P,8,0
,150,2025-02-16,P,8,0
,150,2025-02-17,P,8,0
,150,2025-02-18,P,8,0
,150,2025-02-19,P,8,2
,150,2025-02-20,P,8,1
,150,2025-02-21,WO,0,0
,150,2025-02-22,P,8,0
,150,2025-02-23,L,0,0
,150,2025-02-24,A,0,0
,150,2025-02-25,P,8,1
,150,2025-02-26,A,0,0
,150,2025-02-27,P,8,2
,150,2025-02-28,P,8,0
,150,2025-03-01,L,0,0
,150,2025-03-02,A,0,0
,150,2025-03-03,P,8,0
,150,2025-03-04,P,8,1
,150,2025-03-05,P,8,3
,150,2025-03-06,WO,0,0
,150,2025-03-07,P,8,0
,150,2025-03-08,P,8,0
,150,2025-03-09,P,8,0
,150,2025-03-10,P,8,0
,150,2025-03-11,P,8,0
,150,2025-03-12,P,8,0
,150,2025-03-13,P,8,0
,150,2025-03-14,P,8,1
,150,2025-03-15,P,8,0
,150,2025-03-16,P,8,0
,150,2025-03-17,P,8,3
,150,2025-03-18,P,8,3
,150,2025-03-19,P,8,0
,150,2025-03-20,P,8,0
,150,2025-03-21,P,8,0
,150,2025-03-22,A,0,0
,150,2025-03-23,P,8,0
,150,2025-03-24,A,0,0
,150,2025-03-25,A,0,0
,150,2025-03-26,P,8,1
,150,2025-03-27,WO,0,0
,150,2025-03-28,P,8,0
,150,2025-03-29,P,8,0
,150,2025-03-30,P,8,3
,150,2025-03-31,P,8,1
,151,2025-01-01,L,0,0
,151,2025-01-02,WO,0,0
,151,2025-01-03,P,8,0
,151,2025-01-04,P,8,0
,151,2025-01-05,P,8,0
,151,2025-01-06,WO,0,0
,151,2025-01-07,P,8,1
,151,2025-01-08,P,8,0
,151,2025-01-09,P,8,2
,151,2025-01-10,P,8,1
,151,2025-01-11,P,8,0
,151,2025-01-12,P,8,0
,151,2025-01-13,P,8,0
,151,2025-01-14,P,8,0
,151,2025-01-15,P,8,1
,151,2025-01-16,P,8,0
,151,2025-01-17,P,8,0
,151,2025-01-18,P,8,3
,151,2025-01-19,P,8,0
,151,2025-01-20,P,8,2
,151,2025-01-21,P,8,1
,151,2025-01-22,WO,0,0
,151,2025-01-23,WO,0,0
,151,2025-01-24,P,8,0
,151,2025-01-25,A,0,0
,151,2025-01-26,P,8,1
,151,2025-01-27,P,8,1
,151,2025-01-28,P,8,0
,151,2025-01-29,L,0,0
,151,2025-01-30,P,8,0
,151,2025-01-31,P,8,3
,151,2025-02-01,P,8,0
,151,2025-02-02,P,8,0
,151,2025-02-03,WO,0,0
,151,2025-02-04,P,8,0
,151,2025-02-05,P,8,1
,151,2025-02-06,P,8,0
,151,2025-02-07,P,8,0
,151,2025-02-08,P,8,0
,151,2025-02-09,P,8,0
,151,2025-02-10,P,8,0
,151,2025-02-11,WO,0,0
,151,2025-02-12,P,8,1
,151,2025-02-13,WO,0,0
,151,2025-02-14,WO,0,0
,151,2025-02-15,WO,0,0
,151,2025-02-16,P,8,0
,151,2025-02-17,P,8,0
,151,2025-02-18,P,8,2
,151,2025-02-19,P,8,0
,151,2025-02-20,WO,0,0
,151,2025-02-21,P,8,0
,151,2025-02-22,P,8,0
,151,2025-02-23,P,8,3
,151,2025-02-24,WO,0,0
,151,2025-02-25,WO,0,0
,151,2025-02-26,P,8,2
,151,2025-02-27,P,8,0
,151,2025-02-28,P,8,0
,151,2025-03-01,P,8,0
,151,2025-03-02,P,8,0
,151,2025-03-03,P,8,0
,151,2025-03-04,P,8,0
,151,2025-03-05,P,8,0
,151,2025-03-06,P,8,0
,151,2025-03-07,L,0,0
,151,2025-03-08,P,8,0
,151,2025-03-09,P,8,0
,151,2025-03-10,P,8,0
,151,2025-03-11,P,8,3
,151,2025-03-12,P,8,0
,151,2025-03-13,A,0,0
,151,2025-03-14,P,8,2
,151,2025-03-15,P,8,0
,151,2025-03-16,A,0,0
,151,2025-03-17,A,0,0
,151,2025-03-18,A,0,0
,151,2025-03-19,P,8,3
,151,2025-03-20,L,0,0
,151,2025-03-21,P,8,0
,151,2025-03-22,P,8,3
,151,2025-03-23,P,8,0
,151,2025-03-24,P,8,0
,151,2025-03-25,P,8,0
,151,2025-03-26,L,0,0
,151,2025-03-27,P,8,1
,151,2025-03-28,P,8,0
,151,2025-03-29,P,8,0
,151,2025-03-30,P,8,3
,151,2025-03-31,P,8,0
,152,2025-01-01,P,8,0
,152,2025-01-02,L,0,0
,152,2025-01-03,P,8,0
,152,2025-01-04,P,8,0
,152,2025-01-05,P,8,0
,152,2025-01-06,P,8,0
,152,2025-01-07,P,8,1
,152,2025-01-08,P,8,1
,152,2025-01-09,P,8,0
,152,2025-01-10,P,8,0
,152,2025-01-11,P,8,0
,152,2025-01-12,P,8,0
,152,2025-01-13,WO,0,0
,152,2025-01-14,P,8,0
,152,2025-01-15,P,8,0
,152,2025-01-16,P,8,1
,152,2025-01-17,A,0,0
,152,2025-01-18,WO,0,0
,152,2025-01-19,P,8,0
,152,2025-01-20,P,8,0
,152,2025-01-21,P,8,0
,152,2025-01-22,P,8,0
,152,2025-01-23,P,8,2
,152,2025-01-24,P,8,3
,152,2025-01-25,P,8,0
,152,2025-01-26,P,8,0
,152,2025-01-27,A,0,0
,152,2025-01-28,P,8,3
,152,2025-01-29,P,8,1
,152,2025-01-30,P,8,0
,152,2025-01-31,P,8,0
,152,2025-02-01,P,8,0
,152,2025-02-02,WO,0,0
,152,2025-02-03,P,8,3
,152,2025-02-04,A,0,0
,152,2025-02-05,P,8,2
,152,2025-02-06,P,8,2
,152,2025-02-07,P,8,0
,152,2025-02-08,P,8,0
,152,2025-02-09,P,8,0
,152,2025-02-10,P,8,2
,152,2025-02-11,P,8,0
,152,2025-02-12,P,8,1
,152,2025-02-13,L,0,0
,152,2025-02-14,P,8,0
,152,2025-02-15,P,8,0
,152,2025-02-16,WO,0,0
,152,2025-02-17,P,8,3
,152,2025-02-18,P,8,3
,152,2025-02-19,P,8,2
,152,2025-02-20,WO,0,0
,152,2025-02-21,L,0,0
,152,2025-02-22,P,8,0
,152,2025-02-23,P,8,0
,152,2025-02-24,P,8,0
,152,2025-02-25,P,8,0
,152,2025-02-26,P,8,0
,152,2025-02-27,P,8,0
,152,2025-02-28,P,8,0
,152,2025-03-01,WO,0,0
,152,2025-03-02,L,0,0
,152,2025-03-03,L,0,0
,152,2025-03-04,WO,0,0
,152,2025-03-05,P,8,0
,152,2025-03-06,P,8,0
,152,2025-03-07,P,8,0
,152,2025-03-08,P,8,0
,152,2025-03-09,P,8,0
,152,2025-03-10,P,8,0
,152,2025-03-11,P,8,0
,152,2025-03-12,WO,0,0
,152,2025-03-13,P,8,0
,152,2025-03-14,P,8,0
,152,2025-03-15,P,8,0
,152,2025-03-16,P,8,2
,152,2025-03-17,WO,0,0
,152,2025-03-18,P,8,0
,152,2025-03-19,P,8,0
,152,2025-03-20,P,8,1
,152,2025-03-21,P,8,1
,152,2025-03-22,P,8,0
,152,2025-03-23,P,8,2
,152,2025-03-24,A,0,0
,152,2025-03-25,P,8,1
,152,2025-03-26,P,8,2
,152,2025-03-27,A,0,0
,152,2025-03-28,P,8,0
,152,2025-03-29,P,8,0
,152,2025-03-30,P,8,0
,152,2025-03-31,A,0,0
,153,2025-01-01,P,8,3
,153,2025-01-02,P,8,0
,153,2025-01-03,P,8,0
,153,2025-01-04,P,8,0
,153,2025-01-05,P,8,0
,153,2025-01-06,P,8,1
,153,2025-01-07,P,8,0
,153,2025-01-08,P,8,0
,153,2025-01-09,WO,0,0
,153,2025-01-10,P,8,1
,153,2025-01-11,P,8,1
,153,2025-01-12,A,0,0
,153,2025-01-13,P,8,0
,153,2025-01-14,P,8,1
,153,2025-01-15,P,8,1
,153,2025-01-16,P,8,1
,153,2025-01-17,P,8,0
,153,2025-01-18,P,8,0
,153,2025-01-19,P,8,0
,153,2025-01-20,P,8,2
,153,2025-01-21,A,0,0
,153,2025-01-22,P,8,0
,153,2025-01-23,P,8,1
,153,2025-01-24,P,8,0
,153,2025-01-25,P,8,1
,153,2025-01-26,P,8,1
,153,2025-01-27,P,8,0
,153,2025-01-28,P,8,0
,153,2025-01-29,P,8,0
,153,2025-01-30,P,8,0
,153,2025-01-31,P,8,3
,153,2025-02-01,P,8,0
,153,2025-02-02,P,8,0
,153,2025-02-03,P,8,0
,153,2025-02-04,P,8,0
,153,2025-02-05,P,8,0
,153,2025-02-06,P,8,0
,153,2025-02-07,P,8,1
,153,2025-02-08,P,8,0
,153,2025-02-09,P,8,0
,153,2025-02-10,P,8,0
,153,2025-02-11,P,8,0
,153,2025-02-12,P,8,0
,153,2025-02-13,P,8,1
,153,2025-02-14,P,8,0
,153,2025-02-15,P,8,0
,153,2025-02-16,P,8,3
,153,2025-02-17,P,8,0
,153,2025-02-18,P,8,0
,153,2025-02-19,P,8,1
,153,2025-02-20,P,8,0
,153,2025-02-21,P,8,0
,153,2025-02-22,P,8,0
,153,2025-02-23,P,8,0
,153,2025-02-24,P,8,1
,153,2025-02-25,P,8,0
,153,2025-02-26,P,8,0
,153,2025-02-27,P,8,0
,153,2025-02-28,P,8,0
,153,2025-03-01,L,0,0
,153,2025-03-02,P,8,0
,153,2025-03-03,P,8,0
,153,2025-03-04,P,8,2
,153,2025-03-05,P,8,3
,153,2025-03-06,P,8,0
,153,2025-03-07,P,8,0
,153,2025-03-08,P,8,1
,153,2025-03-09,P,8,1
,153,2025-03-10,P,8,1
,153,2025-03-11,P,8,0
,153,2025-03-12,P,8,0
,153,2025-03-13,P,8,0
,153,2025-03-14,P,8,2
,153,2025-03-15,P,8,0
,153,2025-03-16,P,8,2
,153,2025-03-17,P,8,1
,153,2025-03-18,WO,0,0
,153,2025-03-19,WO,0,0
,153,2025-03-20,WO,0,0
,153,2025-03-21,P,8,0
,153,2025-03-22,P,8,0
,153,2025-03-23,P,8,0
,153,2025-03-24,P,8,0
,153,2025-03-25,P,8,1
,153,2025-03-26,P,8,0
,153,2025-03-27,P,8,0
,153,2025-03-28,WO,0,0
,153,2025-03-29,P,8,0
,153,2025-03-30,P,8,0
,153,2025-03-31,P,8,0
,154,2025-01-01,P,8,2
,154,2025-01-02,P,8,0
,154,2025-01-03,P,8,0
,154,2025-01-04,P,8,0
,154,2025-01-05,A,0,0
,154,2025-01-06,P,8,1
,154,2025-01-07,P,8,3
,154,2025-01-08,P,8,1
,154,2025-01-09,P,8,2
,154,2025-01-10,A,0,0
,154,2025-01-11,P,8,0
,154,2025-01-12,P,8,0
,154,2025-01-13,P,8,1
,154,2025-01-14,P,8,0
,154,2025-01-15,P,8,1
,154,2025-01-16,P,8,0
,154,2025-01-17,P,8,1
,154,2025-01-18,P,8,0
,154,2025-01-19,P,8,1
,154,2025-01-20,L,0,0
,154,2025-01-21,P,8,0
,154,2025-01-22,A,0,0
,154,2025-01-23,P,8,0
,154,2025-01-24,A,0,0
,154,2025-01-25,L,0,0
,154,2025-01-26,P,8,0
,154,2025-01-27,P,8,0
,154,2025-01-28,P,8,1
,154,2025-01-29,WO,0,0
,154,2025-01-30,P,8,0
,154,2025-01-31,P,8,0
,154,2025-02-01,P,8,0
,154,2025-02-02,P,8,0
,154,2025-02-03,L,0,0
,154,2025-02-04,P,8,1
,154,2025-02-05,P,8,0
,154,2025-02-06,P,8,0
,154,2025-02-07,P,8,0
,154,2025-02-08,P,8,0
,154,2025-02-09,P,8,0
,154,2025-02-10,P,8,0
,154,2025-02-11,P,8,0
,154,2025-02-12,P,8,1
,154,2025-02-13,P,8,0
,154,2025-02-14,P,8,1
,154,2025-02-15,A,0,0
,154,2025-02-16,P,8,0
,154,2025-02-17,P,8,0
,154,2025-02-18,P,8,0
,154,2025-02-19,P,8,0
,154,2025-02-20,L,0,0
,154,2025-02-21,P,8,0
,154,2025-02-22,P,8,0
,154,2025-02-23,P,8,0
,154,2025-02-24,P,8,2
,154,2025-02-25,P,8,0
,154,2025-02-26,P,8,0
,154,2025-02-27,P,8,1
,154,2025-02-28,WO,0,0
,154,2025-03-01,P,8,0
,154,2025-03-02,WO,0,0
,154,2025-03-03,P,8,1
,154,2025-03-04,P,8,0
,154,2025-03-05,P,8,0
,154,2025-03-06,P,8,0
,154,2025-03-07,P,8,0
,154,2025-03-08,WO,0,0
,154,2025-03-09,P,8,1
,154,2025-03-10,P,8,0
,154,2025-03-11,P,8,0
,154,2025-03-12,P,8,0
,154,2025-03-13,P,8,0
,154,2025-03-14,P,8,0
,154,2025-03-15,P,8,0
,154,2025-03-16,L,0,0
,154,2025-03-17,P,8,0
,154,2025-03-18,P,8,0
,154,2025-03-19,P,8,0
,154,2025-03-20,P,8,0
,154,2025-03-21,L,0,0
,154,2025-03-22,WO,0,0
,154,2025-03-23,P,8,0
,154,2025-03-24,A,0,0
,154,2025-03-25,L,0,0
,154,2025-03-26,P,8,0
,154,2025-03-27,WO,0,0
,154,2025-03-28,P,8,0
,154,2025-03-29,P,8,2
,154,2025-03-30,A,0,0
,154,2025-03-31,P,8,1
,155,2025-01-01,P,8,1
,155,2025-01-02,P,8,2
,155,2025-01-03,P,8,2
,155,2025-01-04,P,8,0
,155,2025-01-05,P,8,0
,155,2025-01-06,A,0,0
,155,2025-01-07,P,8,0
,155,2025-01-08,P,8,2
,155,2025-01-09,P,8,1
,155,2025-01-10,P,8,1
,155,2025-01-11,P,8,1
,155,2025-01-12,P,8,2
,155,2025-01-13,A,0,0
,155,2025-01-14,P,8,0
,155,2025-01-15,P,8,0
,155,2025-01-16,P,8,2
,155,2025-01-17,P,8,0
,155,2025-01-18,WO,0,0
,155,2025-01-19,A,0,0
,155,2025-01-20,P,8,1
,155,2025-01-21,P,8,0
,155,2025-01-22,P,8,0
,155,2025-01-23,P,8,2
,155,2025-01-24,P,8,0
,155,2025-01-25,P,8,0
,155,2025-01-26,P,8,1
,155,2025-01-27,P,8,0
,155,2025-01-28,P,8,0
,155,2025-01-29,P,8,0
,155,2025-01-30,P,8,0
,155,2025-01-31,P,8,0
,155,2025-02-01,WO,0,0
,155,2025-02-02,L,0,0
,155,2025-02-03,WO,0,0
,155,2025-02-04,P,8,0
,155,2025-02-05,P,8,2
,155,2025-02-06,P,8,0
,155,2025-02-07,P,8,0
,155,2025-02-08,P,8,0
,155,2025-02-09,P,8,0
,155,2025-02-10,P,8,0
,155,2025-02-11,WO,0,0
,155,2025-02-12,P,8,0
,155,2025-02-13,P,8,0
,155,2025-02-14,P,8,0
,155,2025-02-15,P,8,0
,155,2025-02-16,A,0,0
,155,2025-02-17,P,8,0
,155,2025-02-18,P,8,1
,155,2025-02-19,P,8,0
,155,2025-02-20,P,8,0
,155,2025-02-21,P,8,0
,155,2025-02-22,P,8,0
,155,2025-02-23,WO,0,0
,155,2025-02-24,P,8,0
,155,2025-02-25,P,8,0
,155,2025-02-26,P,8,0
,155,2025-02-27,P,8,0
,155,2025-02-28,P,8,0
,155,2025-03-01,P,8,0
,155,2025-03-02,P,8,0
,155,2025-03-03,P,8,2
,155,2025-03-04,P,8,0
,155,2025-03-05,P,8,0
,155,2025-03-06,P,8,0
,155,2025-03-07,P,8,3
,155,2025-03-08,P,8,0
,155,2025-03-09,L,0,0
,155,2025-03-10,A,0,0
,155,2025-03-11,P,8,0
,155,2025-03-12,A,0,0
,155,2025-03-13,P,8,0
,155,2025-03-14,A,0,0
,155,2025-03-15,P,8,0
,155,2025-03-16,P,8,0
,155,2025-03-17,WO,0,0
,155,2025-03-18,P,8,2
,155,2025-03-19,P,8,0
,155,2025-03-20,P,8,1
,155,2025-03-21,WO,0,0
,155,2025-03-22,P,8,0
,155,2025-03-23,P,8,1
,155,2025-03-24,P,8,0
,155,2025-03-25,P,8,0
,155,2025-03-26,P,8,0
,155,2025-03-27,P,8,0
,155,2025-03-28,P,8,0
,155,2025-03-29,P,8,1
,155,2025-03-30,P,8,0
,155,2025-03-31,P,8,0
,156,2025-01-01,P,8,0
,156,2025-01-02,P,8,1
,156,2025-01-03,P,8,0
,156,2025-01-04,P,8,0
,156,2025-01-05,P,8,0
,156,2025-01-06,P,8,0
,156,2025-01-07,P,8,1
,156,2025-01-08,P,8,0
,156,2025-01-09,P,8,0
,156,2025-01-10,P,8,0
,156,2025-01-11,P,8,1
,156,2025-01-12,P,8,1
,156,2025-01-13,WO,0,0
,156,2025-01-14,P,8,1
,156,2025-01-15,P,8,0
,156,2025-01-16,L,0,0
,156,2025-01-17,P,8,0
,156,2025-01-18,P,8,0
,156,2025-01-19,P,8,0
,156,2025-01-20,P,8,1
,156,2025-01-21,P,8,3
,156,2025-01-22,P,8,0
,156,2025-01-23,P,8,1
,156,2025-01-24,P,8,0
,156,2025-01-25,A,0,0
,156,2025-01-26,L,0,0
,156,2025-01-27,P,8,0
,156,2025-01-28,L,0,0
,156,2025-01-29,WO,0,0
,156,2025-01-30,P,8,1
,156,2025-01-31,A,0,0
,156,2025-02-01,WO,0,0
,156,2025-02-02,A,0,0
,156,2025-02-03,P,8,0
,156,2025-02-04,P,8,0
,156,2025-02-05,P,8,3
,156,2025-02-06,P,8,0
,156,2025-02-07,P,8,0
,156,2025-02-08,P,8,0
,156,2025-02-09,P,8,0
,156,2025-02-10,P,8,1
,156,2025-02-11,P,8,0
,156,2025-02-12,P,8,0
,156,2025-02-13,P,8,0
,156,2025-02-14,WO,0,0
,156,2025-02-15,P,8,0
,156,2025-02-16,P,8,1
,156,2025-02-17,P,8,2
,156,2025-02-18,P,8,0
,156,2025-02-19,P,8,2
,156,2025-02-20,P,8,0
,156,2025-02-21,P,8,0
,156,2025-02-22,L,0,0
,156,2025-02-23,P,8,0
,156,2025-02-24,L,0,0
,156,2025-02-25,A,0,0
,156,2025-02-26,P,8,2
,156,2025-02-27,P,8,0
,156,2025-02-28,WO,0,0
,156,2025-03-01,P,8,0
,156,2025-03-02,P,8,1
,156,2025-03-03,P,8,0
,156,2025-03-04,P,8,0
,156,2025-03-05,P,8,2
,156,2025-03-06,P,8,0
,156,2025-03-07,P,8,0
,156,2025-03-08,WO,0,0
,156,2025-03-09,P,8,0
,156,2025-03-10,P,8,0
,156,2025-03-11,P,8,1
,156,2025-03-12,P,8,1
,156,2025-03-13,P,8,0
,156,2025-03-14,P,8,1
,156,2025-03-15,P,8,0
,156,2025-03-16,P,8,1
,156,2025-03-17,P,8,0
,156,2025-03-18,A,0,0
,156,2025-03-19,A,0,0
,156,2025-03-20,P,8,0
,156,2025-03-21,P,8,0
,156,2025-03-22,WO,0,0
,156,2025-03-23,P,8,1
,156,2025-03-24,P,8,0
,156,2025-03-25,P,8,2
,156,2025-03-26,P,8,0
,156,2025-03-27,P,8,3
,156,2025-03-28,P,8,0
,156,2025-03-29,P,8,2
,156,2025-03-30,A,0,0
,156,2025-03-31,P,8,0
,157,2025-01-01,P,8,0
,157,2025-01-02,P,8,0
,157,2025-01-03,P,8,0
,157,2025-01-04,P,8,0
,157,2025-01-05,P,8,0
,157,2025-01-06,P,8,0
,157,2025-01-07,A,0,0
,157,2025-01-08,P,8,0
,157,2025-01-09,P,8,0
,157,2025-01-10,P,8,0
,157,2025-01-11,P,8,0
,157,2025-01-12,P,8,0
,157,2025-01-13,P,8,0
,157,2025-01-14,WO,0,0
,157,2025-01-15,P,8,1
,157,2025-01-16,P,8,1
,157,2025-01-17,P,8,0
,157,2025-01-18,P,8,0
,157,2025-01-19,L,0,0
,157,2025-01-20,P,8,3
,157,2025-01-21,P,8,0
,157,2025-01-22,P,8,0
,157,2025-01-23,WO,0,0
,157,2025-01-24,P,8,0
,157,2025-01-25,L,0,0
,157,2025-01-26,P,8,0
,157,2025-01-27,P,8,0
,157,2025-01-28,P,8,0
,157,2025-01-29,P,8,1
,157,2025-01-30,P,8,3
,157,2025-01-31,P,8,0
,157,2025-02-01,P,8,0
,157,2025-02-02,P,8,1
,157,2025-02-03,WO,0,0
,157,2025-02-04,P,8,0
,157,2025-02-05,P,8,0
,157,2025-02-06,P,8,1
,157,2025-02-07,P,8,3
,157,2025-02-08,P,8,0
,157,2025-02-09,P,8,0
,157,2025-02-10,P,8,0
,157,2025-02-11,P,8,1
,157,2025-02-12,P,8,1
,157,2025-02-13,P,8,1
,157,2025-02-14,P,8,0
,157,2025-02-15,P,8,0
,157,2025-02-16,P,8,0
,157,2025-02-17,P,8,0
,157,2025-02-18,P,8,0
,157,2025-02-19,P,8,0
,157,2025-02-20,P,8,0
,157,2025-02-21,P,8,0
,157,2025-02-22,P,8,0
,157,2025-02-23,P,8,0
,157,2025-02-24,P,8,0
,157,2025-02-25,A,0,0
,157,2025-02-26,P,8,0
,157,2025-02-27,P,8,0
,157,2025-02-28,P,8,0
,157,2025-03-01,P,8,3
,157,2025-03-02,L,0,0
,157,2025-03-03,P,8,3
,157,2025-03-04,P,8,0
,157,2025-03-05,P,8,0
,157,2025-03-06,P,8,3
,157,2025-03-07,P,8,0
,157,2025-03-08,A,0,0
,157,2025-03-09,P,8,0
,157,2025-03-10,P,8,0
,157,2025-03-11,P,8,0
,157,2025-03-12,P,8,3
,157,2025-03-13,A,0,0
,157,2025-03-14,P,8,0
,157,2025-03-15,P,8,3
,157,2025-03-16,P,8,0
,157,2025-03-17,P,8,3
,157,2025-03-18,P,8,0
,157,2025-03-19,P,8,0
,157,2025-03-20,P,8,0
,157,2025-03-21,P,8,0
,157,2025-03-22,P,8,0
,157,2025-03-23,P,8,1
,157,2025-03-24,P,8,0
,157,2025-03-25,P,8,0
,157,2025-03-26,P,8,1
,157,2025-03-27,P,8,1
,157,2025-03-28,P,8,0
,157,2025-03-29,WO,0,0
,157,2025-03-30,P,8,0
,157,2025-03-31,P,8,0
,158,2025-01-01,P,8,2
,158,2025-01-02,A,0,0
,158,2025-01-03,P,8,0
,158,2025-01-04,P,8,1
,158,2025-01-05,P,8,0
,158,2025-01-06,A,0,0
,158,2025-01-07,P,8,0
,158,2025-01-08,WO,0,0
,158,2025-01-09,P,8,0
,158,2025-01-10,P,8,0
,158,2025-01-11,P,8,0
,158,2025-01-12,P,8,0
,158,2025-01-13,L,0,0
,158,2025-01-14,P,8,0
,158,2025-01-15,P,8,0
,158,2025-01-16,P,8,0
,158,2025-01-17,P,8,0
,158,2025-01-18,P,8,0
,158,2025-01-19,P,8,0
,158,2025-01-20,P,8,1
,158,2025-01-21,P,8,2
,158,2025-01-22,P,8,0
,158,2025-01-23,P,8,2
,158,2025-01-24,P,8,1
,158,2025-01-25,P,8,0
,158,2025-01-26,P,8,1
,158,2025-01-27,P,8,0
,158,2025-01-28,P,8,2
,158,2025-01-29,P,8,0
,158,2025-01-30,P,8,3
,158,2025-01-31,WO,0,0
,158,2025-02-01,P,8,0
,158,2025-02-02,P,8,2
,158,2025-02-03,P,8,0
,158,2025-02-04,P,8,2
,158,2025-02-05,P,8,0
,158,2025-02-06,A,0,0
,158,2025-02-07,P,8,0
,158,2025-02-08,L,0,0
,158,2025-02-09,L,0,0
,158,2025-02-10,A,0,0
,158,2025-02-11,P,8,0
,158,2025-02-12,WO,0,0
,158,2025-02-13,P,8,1
,158,2025-02-14,WO,0,0
,158,2025-02-15,P,8,1
,158,2025-02-16,P,8,0
,158,2025-02-17,P,8,0
,158,2025-02-18,P,8,0
,158,2025-02-19,P,8,1
,158,2025-02-20,L,0,0
,158,2025-02-21,P,8,0
,158,2025-02-22,P,8,3
,158,2025-02-23,P,8,0
,158,2025-02-24,WO,0,0
,158,2025-02-25,P,8,2
,158,2025-02-26,WO,0,0
,158,2025-02-27,WO,0,0
,158,2025-02-28,P,8,0
,158,2025-03-01,WO,0,0
,158,2025-03-02,P,8,0
,158,2025-03-03,P,8,0
,158,2025-03-04,P,8,0
,158,2025-03-05,P,8,0
,158,2025-03-06,P,8,0
,158,2025-03-07,P,8,0
,158,2025-03-08,P,8,0
,158,2025-03-09,P,8,0
,158,2025-03-10,P,8,0
,158,2025-03-11,P,8,0
,158,2025-03-12,WO,0,0
,158,2025-03-13,P,8,3
,158,2025-03-14,P,8,0
,158,2025-03-15,P,8,0
,158,2025-03-16,P,8,0
,158,2025-03-17,P,8,0
,158,2025-03-18,P,8,0
,158,2025-03-19,WO,0,0
,158,2025-03-20,P,8,0
,158,2025-03-21,P,8,0
,158,2025-03-22,P,8,0
,158,2025-03-23,P,8,2
,158,2025-03-24,P,8,3
,158,2025-03-25,WO,0,0
,158,2025-03-26,WO,0,0
,158,2025-03-27,P,8,0
,158,2025-03-28,P,8,0
,158,2025-03-29,P,8,0
,158,2025-03-30,P,8,0
,158,2025-03-31,P,8,0
,159,2025-01-01,P,8,1
,159,2025-01-02,P,8,0
,159,2025-01-03,P,8,0
,159,2025-01-04,P,8,0
,159,2025-01-05,P,8,0
,159,2025-01-06,P,8,0
,159,2025-01-07,P,8,1
,159,2025-01-08,P,8,1
,159,2025-01-09,P,8,1
,159,2025-01-10,P,8,0
,159,2025-01-11,P,8,1
,159,2025-01-12,P,8,0
,159,2025-01-13,P,8,1
,159,2025-01-14,P,8,0
,159,2025-01-15,P,8,0
,159,2025-01-16,WO,0,0
,159,2025-01-17,A,0,0
,159,2025-01-18,P,8,0
,159,2025-01-19,P,8,0
,159,2025-01-20,L,0,0
,159,2025-01-21,P,8,0
,159,2025-01-22,P,8,0
,159,2025-01-23,WO,0,0
,159,2025-01-24,P,8,1
,159,2025-01-25,P,8,1
,159,2025-01-26,P,8,1
,159,2025-01-27,P,8,1
,159,2025-01-28,P,8,0
,159,2025-01-29,A,0,0
,159,2025-01-30,P,8,0
,159,2025-01-31,P,8,0
,159,2025-02-01,P,8,0
,159,2025-02-02,P,8,0
,159,2025-02-03,P,8,2
,159,2025-02-04,P,8,0
,159,2025-02-05,P,8,0
,159,2025-02-06,P,8,0
,159,2025-02-07,P,8,0
,159,2025-02-08,P,8,1
,159,2025-02-09,P,8,0
,159,2025-02-10,P,8,1
,159,2025-02-11,WO,0,0
,159,2025-02-12,WO,0,0
,159,2025-02-13,P,8,0
,159,2025-02-14,P,8,1
,159,2025-02-15,L,0,0
,159,2025-02-16,P,8,0
,159,2025-02-17,P,8,0
,159,2025-02-18,P,8,0
,159,2025-02-19,P,8,0
,159,2025-02-20,P,8,0
,159,2025-02-21,P,8,0
,159,2025-02-22,WO,0,0
,159,2025-02-23,P,8,0
,159,2025-02-24,P,8,0
,159,2025-02-25,P,8,1
,159,2025-02-26,WO,0,0
,159,2025-02-27,P,8,3
,159,2025-02-28,L,0,0
,159,2025-03-01,WO,0,0
,159,2025-03-02,P,8,0
,159,2025-03-03,P,8,0
,159,2025-03-04,P,8,1
,159,2025-03-05,P,8,2
,159,2025-03-06,P,8,0
,159,2025-03-07,P,8,0
,159,2025-03-08,P,8,3
,159,2025-03-09,P,8,0
,159,2025-03-10,A,0,0
,159,2025-03-11,P,8,1
,159,2025-03-12,A,0,0
,159,2025-03-13,P,8,0
,159,2025-03-14,P,8,0
,159,2025-03-15,WO,0,0
,159,2025-03-16,P,8,1
,159,2025-03-17,A,0,0
,159,2025-03-18,WO,0,0
,159,2025-03-19,WO,0,0
,159,2025-03-20,P,8,0
,159,2025-03-21,P,8,0
,159,2025-03-22,P,8,0
,159,2025-03-23,P,8,3
,159,2025-03-24,P,8,0
,159,2025-03-25,P,8,0
,159,2025-03-26,P,8,1
,159,2025-03-27,P,8,1
,159,2025-03-28,P,8,0
,159,2025-03-29,P,8,0
,159,2025-03-30,P,8,1
,159,2025-03-31,P,8,0
,160,2025-01-01,A,0,0
,160,2025-01-02,P,8,3
,160,2025-01-03,P,8,1
,160,2025-01-04,P,8,0
,160,2025-01-05,P,8,0
,160,2025-01-06,P,8,0
,160,2025-01-07,L,0,0
,160,2025-01-08,A,0,0
,160,2025-01-09,P,8,1
,160,2025-01-10,L,0,0
,160,2025-01-11,P,8,0
,160,2025-01-12,WO,0,0
,160,2025-01-13,P,8,0
,160,2025-01-14,P,8,0
,160,2025-01-15,WO,0,0
,160,2025-01-16,P,8,3
,160,2025-01-17,WO,0,0
,160,2025-01-18,P,8,0
,160,2025-01-19,P,8,0
,160,2025-01-20,P,8,1
,160,2025-01-21,P,8,0
,160,2025-01-22,P,8,2
,160,2025-01-23,P,8,2
,160,2025-01-24,P,8,0
,160,2025-01-25,P,8,0
,160,2025-01-26,P,8,0
,160,2025-01-27,P,8,0
,160,2025-01-28,P,8,1
,160,2025-01-29,P,8,0
,160,2025-01-30,L,0,0
,160,2025-01-31,WO,0,0
,160,2025-02-01,L,0,0
,160,2025-02-02,P,8,1
,160,2025-02-03,P,8,0
,160,2025-02-04,A,0,0
,160,2025-02-05,P,8,0
,160,2025-02-06,P,8,1
,160,2025-02-07,P,8,0
,160,2025-02-08,P,8,0
,160,2025-02-09,WO,0,0
,160,2025-02-10,P,8,0
,160,2025-02-11,WO,0,0
,160,2025-02-12,P,8,0
,160,2025-02-13,P,8,0
,160,2025-02-14,P,8,1
,160,2025-02-15,A,0,0
,160,2025-02-16,P,8,3
,160,2025-02-17,P,8,1
,160,2025-02-18,WO,0,0
,160,2025-02-19,P,8,0
,160,2025-02-20,P,8,0
,160,2025-02-21,P,8,0
,160,2025-02-22,P,8,0
,160,2025-02-23,A,0,0
,160,2025-02-24,WO,0,0
,160,2025-02-25,P,8,1
,160,2025-02-26,P,8,0
,160,2025-02-27,P,8,0
,160,2025-02-28,P,8,0
,160,2025-03-01,P,8,0
,160,2025-03-02,L,0,0
,160,2025-03-03,P,8,0
,160,2025-03-04,P,8,0
,160,2025-03-05,P,8,0
,160,2025-03-06,P,8,2
,160,2025-03-07,P,8,2
,160,2025-03-08,A,0,0
,160,2025-03-09,P,8,1
,160,2025-03-10,P,8,0
,160,2025-03-11,P,8,1
,160,2025-03-12,P,8,2
,160,2025-03-13,P,8,2
,160,2025-03-14,P,8,2
,160,2025-03-15,P,8,0
,160,2025-03-16,P,8,1
,160,2025-03-17,P,8,0
,160,2025-03-18,P,8,0
,160,2025-03-19,P,8,0
,160,2025-03-20,P,8,3
,160,2025-03-21,P,8,1
,160,2025-03-22,WO,0,0
,160,2025-03-23,P,8,0
,160,2025-03-24,P,8,1
,160,2025-03-25,P,8,0
,160,2025-03-26,P,8,0
,160,2025-03-27,P,8,3
,160,2025-03-28,P,8,2
,160,2025-03-29,L,0,0
,160,2025-03-30,P,8,0
,160,2025-03-31,P,8,2
